"Subject","Start Date","Start Time","End Date","End Time","All day event","Description","Show time as","Location"
"Rosh Chodesh Sh'vat","1/17/2018",,,,"true","Beginning of new Hebrew month of Sh'vat","3","Jewish Holidays"
"Tu BiShvat","1/31/2018",,,,"true","New Year for Trees","3","Jewish Holidays"
"Shabbat Shekalim","2/10/2018",,,,"true","Shabbat before Rosh Chodesh Adar","3","Jewish Holidays"
"Rosh Chodesh Adar","2/15/2018",,,,"true","Beginning of new Hebrew month of Adar","3","Jewish Holidays"
"Rosh Chodesh Adar","2/16/2018",,,,"true","Beginning of new Hebrew month of Adar","3","Jewish Holidays"
"Shabbat Zachor","2/24/2018",,,,"true","Shabbat before Purim","3","Jewish Holidays"
"Ta'anit Esther","2/28/2018",,,,"true","Fast of Esther","3","Jewish Holidays"
"Erev Purim","2/28/2018",,,,"true","Purim is one of the most joyous and fun holidays on the Jewish calendar","3","Jewish Holidays"
"Purim","3/1/2018",,,,"true","Purim is one of the most joyous and fun holidays on the Jewish calendar","3","Jewish Holidays"
"Shushan Purim","3/2/2018",,,,"true","Purim celebrated in Jerusalem and walled cities","3","Jewish Holidays"
"Shabbat Parah","3/10/2018",,,,"true","Shabbat of the Red Heifer","3","Jewish Holidays"
"Rosh Chodesh Nisan","3/17/2018",,,,"true","Beginning of new Hebrew month of Nisan","3","Jewish Holidays"
"Shabbat HaChodesh","3/17/2018",,,,"true","Shabbat before Rosh Chodesh Nissan","3","Jewish Holidays"
"Shabbat HaGadol","3/24/2018",,,,"true","Shabbat before Pesach","3","Jewish Holidays"
"Ta'anit Bechorot","3/30/2018",,,,"true","Fast of the First Born","3","Jewish Holidays"
"Erev Pesach","3/30/2018",,,,"true","Passover; the Feast of Unleavened Bread","3","Jewish Holidays"
"Pesach I","3/31/2018",,,,"true","Passover; the Feast of Unleavened Bread","4","Jewish Holidays"
"Pesach II","4/1/2018",,,,"true","Passover; the Feast of Unleavened Bread","4","Jewish Holidays"
"Pesach III (CH''M)","4/2/2018",,,,"true","Passover; the Feast of Unleavened Bread","3","Jewish Holidays"
"Pesach IV (CH''M)","4/3/2018",,,,"true","Passover; the Feast of Unleavened Bread","3","Jewish Holidays"
"Pesach V (CH''M)","4/4/2018",,,,"true","Passover; the Feast of Unleavened Bread","3","Jewish Holidays"
"Pesach VI (CH''M)","4/5/2018",,,,"true","Passover; the Feast of Unleavened Bread","3","Jewish Holidays"
"Pesach VII","4/6/2018",,,,"true","Passover; the Feast of Unleavened Bread","4","Jewish Holidays"
"Pesach VIII","4/7/2018",,,,"true","Passover; the Feast of Unleavened Bread","4","Jewish Holidays"
"Yom HaShoah","4/12/2018",,,,"true","Holocaust Memorial Day","3","Jewish Holidays"
"Rosh Chodesh Iyyar","4/15/2018",,,,"true","Beginning of new Hebrew month of Iyyar","3","Jewish Holidays"
"Rosh Chodesh Iyyar","4/16/2018",,,,"true","Beginning of new Hebrew month of Iyyar","3","Jewish Holidays"
"Yom HaZikaron","4/18/2018",,,,"true","Israeli Memorial Day","3","Jewish Holidays"
"Yom HaAtzma'ut","4/19/2018",,,,"true","Israeli Independence Day","3","Jewish Holidays"
"Pesach Sheni","4/29/2018",,,,"true","Second Passover; one month after Passover","3","Jewish Holidays"
"Lag BaOmer","5/3/2018",,,,"true","33rd day of counting the Omer","3","Jewish Holidays"
"Yom Yerushalayim","5/13/2018",,,,"true","Jerusalem Day","3","Jewish Holidays"
"Rosh Chodesh Sivan","5/15/2018",,,,"true","Beginning of new Hebrew month of Sivan","3","Jewish Holidays"
"Erev Shavuot","5/19/2018",,,,"true","Festival of Weeks; commemorates the giving of the Torah at Mount Sinai","3","Jewish Holidays"
"Shavuot I","5/20/2018",,,,"true","Festival of Weeks; commemorates the giving of the Torah at Mount Sinai","4","Jewish Holidays"
"Shavuot II","5/21/2018",,,,"true","Festival of Weeks; commemorates the giving of the Torah at Mount Sinai","4","Jewish Holidays"
"Rosh Chodesh Tamuz","6/13/2018",,,,"true","Beginning of new Hebrew month of Tamuz","3","Jewish Holidays"
"Rosh Chodesh Tamuz","6/14/2018",,,,"true","Beginning of new Hebrew month of Tamuz","3","Jewish Holidays"
"Tzom Tammuz","7/1/2018",,,,"true","Fast commemorating breaching of the walls of Jerusalem before the destruction of the Second Temple","3","Jewish Holidays"
"Rosh Chodesh Av","7/13/2018",,,,"true","Beginning of new Hebrew month of Av","3","Jewish Holidays"
"Shabbat Chazon","7/21/2018",,,,"true","Shabbat before Tish'a B'Av (Shabbat of Prophecy/Shabbat of Vision)","3","Jewish Holidays"
"Erev Tish'a B'Av","7/21/2018",,,,"true","The Ninth of Av; fast commemorating the destruction of the two Temples","3","Jewish Holidays"
"Tish'a B'Av","7/22/2018",,,,"true","The Ninth of Av; fast commemorating the destruction of the two Temples","3","Jewish Holidays"
"Tu B'Av","7/27/2018",,,,"true","Jewish holiday of love; similar to Valentine's Day","3","Jewish Holidays"
"Shabbat Nachamu","7/28/2018",,,,"true","Shabbat after Tish'a B'Av (Shabbat of Consolation)","3","Jewish Holidays"
"Rosh Chodesh Elul","8/11/2018",,,,"true","Beginning of new Hebrew month of Elul","3","Jewish Holidays"
"Rosh Chodesh Elul","8/12/2018",,,,"true","Beginning of new Hebrew month of Elul","3","Jewish Holidays"
"Leil Selichot","9/1/2018",,,,"true","Prayers for forgiveness in preparation for the High Holidays","3","Jewish Holidays"
"Erev Rosh Hashana","9/9/2018",,,,"true","The Jewish New Year","3","Jewish Holidays"
"Rosh Hashana 5779","9/10/2018",,,,"true","The Jewish New Year","4","Jewish Holidays"
"Rosh Hashana II","9/11/2018",,,,"true","The Jewish New Year","4","Jewish Holidays"
"Tzom Gedaliah","9/12/2018",,,,"true","Fast of the Seventh Month; commemorates the assassination of the Jewish governor of Judah","3","Jewish Holidays"
"Shabbat Shuva","9/15/2018",,,,"true","Shabbat that falls between Rosh Hashanah and Yom Kippur (Shabbat of Returning)","3","Jewish Holidays"
"Erev Yom Kippur","9/18/2018",,,,"true","Day of Atonement","3","Jewish Holidays"
"Yom Kippur","9/19/2018",,,,"true","Day of Atonement","4","Jewish Holidays"
"Erev Sukkot","9/23/2018",,,,"true","Feast of Tabernacles","3","Jewish Holidays"
"Sukkot I","9/24/2018",,,,"true","Feast of Tabernacles","4","Jewish Holidays"
"Sukkot II","9/25/2018",,,,"true","Feast of Tabernacles","4","Jewish Holidays"
"Sukkot III (CH''M)","9/26/2018",,,,"true","Feast of Tabernacles","3","Jewish Holidays"
"Sukkot IV (CH''M)","9/27/2018",,,,"true","Feast of Tabernacles","3","Jewish Holidays"
"Sukkot V (CH''M)","9/28/2018",,,,"true","Feast of Tabernacles","3","Jewish Holidays"
"Sukkot VI (CH''M)","9/29/2018",,,,"true","Feast of Tabernacles","3","Jewish Holidays"
"Sukkot VII (Hoshana Raba)","9/30/2018",,,,"true","Feast of Tabernacles","3","Jewish Holidays"
"Shmini Atzeret","10/1/2018",,,,"true","Eighth Day of Assembly","4","Jewish Holidays"
"Simchat Torah","10/2/2018",,,,"true","Day of Celebrating the Torah","4","Jewish Holidays"
"Rosh Chodesh Cheshvan","10/9/2018",,,,"true","Beginning of new Hebrew month of Cheshvan","3","Jewish Holidays"
"Rosh Chodesh Cheshvan","10/10/2018",,,,"true","Beginning of new Hebrew month of Cheshvan","3","Jewish Holidays"
"Yom HaAliyah","10/16/2018",,,,"true","Recognizes Aliyah; immigration to the Jewish State of Israel","3","Jewish Holidays"
"Sigd","11/7/2018",,,,"true","Ethiopian Jewish holiday occurring 50 days after Yom Kippur","3","Jewish Holidays"
"Rosh Chodesh Kislev","11/8/2018",,,,"true","Beginning of new Hebrew month of Kislev","3","Jewish Holidays"
"Rosh Chodesh Kislev","11/9/2018",,,,"true","Beginning of new Hebrew month of Kislev","3","Jewish Holidays"
"Chanukah: 1 Candle","12/2/2018",,,,"true","The Jewish festival of rededication; also known as the Festival of Lights","3","Jewish Holidays"
"Chanukah: 2 Candles","12/3/2018",,,,"true","The Jewish festival of rededication; also known as the Festival of Lights","3","Jewish Holidays"
"Chanukah: 3 Candles","12/4/2018",,,,"true","The Jewish festival of rededication; also known as the Festival of Lights","3","Jewish Holidays"
"Chanukah: 4 Candles","12/5/2018",,,,"true","The Jewish festival of rededication; also known as the Festival of Lights","3","Jewish Holidays"
"Chanukah: 5 Candles","12/6/2018",,,,"true","The Jewish festival of rededication; also known as the Festival of Lights","3","Jewish Holidays"
"Chanukah: 6 Candles","12/7/2018",,,,"true","The Jewish festival of rededication; also known as the Festival of Lights","3","Jewish Holidays"
"Rosh Chodesh Tevet","12/8/2018",,,,"true","Beginning of new Hebrew month of Tevet","3","Jewish Holidays"
"Chanukah: 7 Candles","12/8/2018",,,,"true","The Jewish festival of rededication; also known as the Festival of Lights","3","Jewish Holidays"
"Rosh Chodesh Tevet","12/9/2018",,,,"true","Beginning of new Hebrew month of Tevet","3","Jewish Holidays"
"Chanukah: 8 Candles","12/9/2018",,,,"true","The Jewish festival of rededication; also known as the Festival of Lights","3","Jewish Holidays"
"Chanukah: 8th Day","12/10/2018",,,,"true","The Jewish festival of rededication; also known as the Festival of Lights","3","Jewish Holidays"
"Asara B'Tevet","12/18/2018",,,,"true","Fast commemorating the siege of Jerusalem","3","Jewish Holidays"
"Rosh Chodesh Sh'vat","1/7/2019",,,,"true","Beginning of new Hebrew month of Sh'vat","3","Jewish Holidays"
"Tu BiShvat","1/21/2019",,,,"true","New Year for Trees","3","Jewish Holidays"
"Rosh Chodesh Adar I","2/5/2019",,,,"true","Beginning of new Hebrew month of Adar","3","Jewish Holidays"
"Rosh Chodesh Adar I","2/6/2019",,,,"true","Beginning of new Hebrew month of Adar","3","Jewish Holidays"
"Purim Katan","2/19/2019",,,,"true","Minor Purim celebration during Adar I on leap years","3","Jewish Holidays"
"Shabbat Shekalim","3/2/2019",,,,"true","Shabbat before Rosh Chodesh Adar","3","Jewish Holidays"
"Rosh Chodesh Adar II","3/7/2019",,,,"true","Beginning of new Hebrew month of Adar II (on leap years)","3","Jewish Holidays"
"Rosh Chodesh Adar II","3/8/2019",,,,"true","Beginning of new Hebrew month of Adar II (on leap years)","3","Jewish Holidays"
"Shabbat Zachor","3/16/2019",,,,"true","Shabbat before Purim","3","Jewish Holidays"
"Ta'anit Esther","3/20/2019",,,,"true","Fast of Esther","3","Jewish Holidays"
"Erev Purim","3/20/2019",,,,"true","Purim is one of the most joyous and fun holidays on the Jewish calendar","3","Jewish Holidays"
"Purim","3/21/2019",,,,"true","Purim is one of the most joyous and fun holidays on the Jewish calendar","3","Jewish Holidays"
"Shushan Purim","3/22/2019",,,,"true","Purim celebrated in Jerusalem and walled cities","3","Jewish Holidays"
"Shabbat Parah","3/30/2019",,,,"true","Shabbat of the Red Heifer","3","Jewish Holidays"
"Rosh Chodesh Nisan","4/6/2019",,,,"true","Beginning of new Hebrew month of Nisan","3","Jewish Holidays"
"Shabbat HaChodesh","4/6/2019",,,,"true","Shabbat before Rosh Chodesh Nissan","3","Jewish Holidays"
"Shabbat HaGadol","4/13/2019",,,,"true","Shabbat before Pesach","3","Jewish Holidays"
"Ta'anit Bechorot","4/19/2019",,,,"true","Fast of the First Born","3","Jewish Holidays"
"Erev Pesach","4/19/2019",,,,"true","Passover; the Feast of Unleavened Bread","3","Jewish Holidays"
"Pesach I","4/20/2019",,,,"true","Passover; the Feast of Unleavened Bread","4","Jewish Holidays"
"Pesach II","4/21/2019",,,,"true","Passover; the Feast of Unleavened Bread","4","Jewish Holidays"
"Pesach III (CH''M)","4/22/2019",,,,"true","Passover; the Feast of Unleavened Bread","3","Jewish Holidays"
"Pesach IV (CH''M)","4/23/2019",,,,"true","Passover; the Feast of Unleavened Bread","3","Jewish Holidays"
"Pesach V (CH''M)","4/24/2019",,,,"true","Passover; the Feast of Unleavened Bread","3","Jewish Holidays"
"Pesach VI (CH''M)","4/25/2019",,,,"true","Passover; the Feast of Unleavened Bread","3","Jewish Holidays"
"Pesach VII","4/26/2019",,,,"true","Passover; the Feast of Unleavened Bread","4","Jewish Holidays"
"Pesach VIII","4/27/2019",,,,"true","Passover; the Feast of Unleavened Bread","4","Jewish Holidays"
"Yom HaShoah","5/2/2019",,,,"true","Holocaust Memorial Day","3","Jewish Holidays"
"Rosh Chodesh Iyyar","5/5/2019",,,,"true","Beginning of new Hebrew month of Iyyar","3","Jewish Holidays"
"Rosh Chodesh Iyyar","5/6/2019",,,,"true","Beginning of new Hebrew month of Iyyar","3","Jewish Holidays"
"Yom HaZikaron","5/8/2019",,,,"true","Israeli Memorial Day","3","Jewish Holidays"
"Yom HaAtzma'ut","5/9/2019",,,,"true","Israeli Independence Day","3","Jewish Holidays"
"Pesach Sheni","5/19/2019",,,,"true","Second Passover; one month after Passover","3","Jewish Holidays"
"Lag BaOmer","5/23/2019",,,,"true","33rd day of counting the Omer","3","Jewish Holidays"
"Yom Yerushalayim","6/2/2019",,,,"true","Jerusalem Day","3","Jewish Holidays"
"Rosh Chodesh Sivan","6/4/2019",,,,"true","Beginning of new Hebrew month of Sivan","3","Jewish Holidays"
"Erev Shavuot","6/8/2019",,,,"true","Festival of Weeks; commemorates the giving of the Torah at Mount Sinai","3","Jewish Holidays"
"Shavuot I","6/9/2019",,,,"true","Festival of Weeks; commemorates the giving of the Torah at Mount Sinai","4","Jewish Holidays"
"Shavuot II","6/10/2019",,,,"true","Festival of Weeks; commemorates the giving of the Torah at Mount Sinai","4","Jewish Holidays"
"Rosh Chodesh Tamuz","7/3/2019",,,,"true","Beginning of new Hebrew month of Tamuz","3","Jewish Holidays"
"Rosh Chodesh Tamuz","7/4/2019",,,,"true","Beginning of new Hebrew month of Tamuz","3","Jewish Holidays"
"Tzom Tammuz","7/21/2019",,,,"true","Fast commemorating breaching of the walls of Jerusalem before the destruction of the Second Temple","3","Jewish Holidays"
"Rosh Chodesh Av","8/2/2019",,,,"true","Beginning of new Hebrew month of Av","3","Jewish Holidays"
"Shabbat Chazon","8/10/2019",,,,"true","Shabbat before Tish'a B'Av (Shabbat of Prophecy/Shabbat of Vision)","3","Jewish Holidays"
"Erev Tish'a B'Av","8/10/2019",,,,"true","The Ninth of Av; fast commemorating the destruction of the two Temples","3","Jewish Holidays"
"Tish'a B'Av","8/11/2019",,,,"true","The Ninth of Av; fast commemorating the destruction of the two Temples","3","Jewish Holidays"
"Tu B'Av","8/16/2019",,,,"true","Jewish holiday of love; similar to Valentine's Day","3","Jewish Holidays"
"Shabbat Nachamu","8/17/2019",,,,"true","Shabbat after Tish'a B'Av (Shabbat of Consolation)","3","Jewish Holidays"
"Rosh Chodesh Elul","8/31/2019",,,,"true","Beginning of new Hebrew month of Elul","3","Jewish Holidays"
"Rosh Chodesh Elul","9/1/2019",,,,"true","Beginning of new Hebrew month of Elul","3","Jewish Holidays"
"Leil Selichot","9/21/2019",,,,"true","Prayers for forgiveness in preparation for the High Holidays","3","Jewish Holidays"
"Erev Rosh Hashana","9/29/2019",,,,"true","The Jewish New Year","3","Jewish Holidays"
"Rosh Hashana 5780","9/30/2019",,,,"true","The Jewish New Year","4","Jewish Holidays"
"Rosh Hashana II","10/1/2019",,,,"true","The Jewish New Year","4","Jewish Holidays"
"Tzom Gedaliah","10/2/2019",,,,"true","Fast of the Seventh Month; commemorates the assassination of the Jewish governor of Judah","3","Jewish Holidays"
"Shabbat Shuva","10/5/2019",,,,"true","Shabbat that falls between Rosh Hashanah and Yom Kippur (Shabbat of Returning)","3","Jewish Holidays"
"Erev Yom Kippur","10/8/2019",,,,"true","Day of Atonement","3","Jewish Holidays"
"Yom Kippur","10/9/2019",,,,"true","Day of Atonement","4","Jewish Holidays"
"Erev Sukkot","10/13/2019",,,,"true","Feast of Tabernacles","3","Jewish Holidays"
"Sukkot I","10/14/2019",,,,"true","Feast of Tabernacles","4","Jewish Holidays"
"Sukkot II","10/15/2019",,,,"true","Feast of Tabernacles","4","Jewish Holidays"
"Sukkot III (CH''M)","10/16/2019",,,,"true","Feast of Tabernacles","3","Jewish Holidays"
"Sukkot IV (CH''M)","10/17/2019",,,,"true","Feast of Tabernacles","3","Jewish Holidays"
"Sukkot V (CH''M)","10/18/2019",,,,"true","Feast of Tabernacles","3","Jewish Holidays"
"Sukkot VI (CH''M)","10/19/2019",,,,"true","Feast of Tabernacles","3","Jewish Holidays"
"Sukkot VII (Hoshana Raba)","10/20/2019",,,,"true","Feast of Tabernacles","3","Jewish Holidays"
"Shmini Atzeret","10/21/2019",,,,"true","Eighth Day of Assembly","4","Jewish Holidays"
"Simchat Torah","10/22/2019",,,,"true","Day of Celebrating the Torah","4","Jewish Holidays"
"Rosh Chodesh Cheshvan","10/29/2019",,,,"true","Beginning of new Hebrew month of Cheshvan","3","Jewish Holidays"
"Rosh Chodesh Cheshvan","10/30/2019",,,,"true","Beginning of new Hebrew month of Cheshvan","3","Jewish Holidays"
"Yom HaAliyah","11/5/2019",,,,"true","Recognizes Aliyah; immigration to the Jewish State of Israel","3","Jewish Holidays"
"Sigd","11/27/2019",,,,"true","Ethiopian Jewish holiday occurring 50 days after Yom Kippur","3","Jewish Holidays"
"Rosh Chodesh Kislev","11/28/2019",,,,"true","Beginning of new Hebrew month of Kislev","3","Jewish Holidays"
"Rosh Chodesh Kislev","11/29/2019",,,,"true","Beginning of new Hebrew month of Kislev","3","Jewish Holidays"
"Chanukah: 1 Candle","12/22/2019",,,,"true","The Jewish festival of rededication; also known as the Festival of Lights","3","Jewish Holidays"
"Chanukah: 2 Candles","12/23/2019",,,,"true","The Jewish festival of rededication; also known as the Festival of Lights","3","Jewish Holidays"
"Chanukah: 3 Candles","12/24/2019",,,,"true","The Jewish festival of rededication; also known as the Festival of Lights","3","Jewish Holidays"
"Chanukah: 4 Candles","12/25/2019",,,,"true","The Jewish festival of rededication; also known as the Festival of Lights","3","Jewish Holidays"
"Chanukah: 5 Candles","12/26/2019",,,,"true","The Jewish festival of rededication; also known as the Festival of Lights","3","Jewish Holidays"
"Chanukah: 6 Candles","12/27/2019",,,,"true","The Jewish festival of rededication; also known as the Festival of Lights","3","Jewish Holidays"
"Rosh Chodesh Tevet","12/28/2019",,,,"true","Beginning of new Hebrew month of Tevet","3","Jewish Holidays"
"Chanukah: 7 Candles","12/28/2019",,,,"true","The Jewish festival of rededication; also known as the Festival of Lights","3","Jewish Holidays"
"Rosh Chodesh Tevet","12/29/2019",,,,"true","Beginning of new Hebrew month of Tevet","3","Jewish Holidays"
"Chanukah: 8 Candles","12/29/2019",,,,"true","The Jewish festival of rededication; also known as the Festival of Lights","3","Jewish Holidays"
"Chanukah: 8th Day","12/30/2019",,,,"true","The Jewish festival of rededication; also known as the Festival of Lights","3","Jewish Holidays"
"Asara B'Tevet","1/7/2020",,,,"true","Fast commemorating the siege of Jerusalem","3","Jewish Holidays"
"Rosh Chodesh Sh'vat","1/27/2020",,,,"true","Beginning of new Hebrew month of Sh'vat","3","Jewish Holidays"
"Tu BiShvat","2/10/2020",,,,"true","New Year for Trees","3","Jewish Holidays"
"Shabbat Shekalim","2/22/2020",,,,"true","Shabbat before Rosh Chodesh Adar","3","Jewish Holidays"
"Rosh Chodesh Adar","2/25/2020",,,,"true","Beginning of new Hebrew month of Adar","3","Jewish Holidays"
"Rosh Chodesh Adar","2/26/2020",,,,"true","Beginning of new Hebrew month of Adar","3","Jewish Holidays"
"Shabbat Zachor","3/7/2020",,,,"true","Shabbat before Purim","3","Jewish Holidays"
"Ta'anit Esther","3/9/2020",,,,"true","Fast of Esther","3","Jewish Holidays"
"Erev Purim","3/9/2020",,,,"true","Purim is one of the most joyous and fun holidays on the Jewish calendar","3","Jewish Holidays"
"Purim","3/10/2020",,,,"true","Purim is one of the most joyous and fun holidays on the Jewish calendar","3","Jewish Holidays"
"Shushan Purim","3/11/2020",,,,"true","Purim celebrated in Jerusalem and walled cities","3","Jewish Holidays"
"Shabbat Parah","3/14/2020",,,,"true","Shabbat of the Red Heifer","3","Jewish Holidays"
"Shabbat HaChodesh","3/21/2020",,,,"true","Shabbat before Rosh Chodesh Nissan","3","Jewish Holidays"
"Rosh Chodesh Nisan","3/26/2020",,,,"true","Beginning of new Hebrew month of Nisan","3","Jewish Holidays"
"Shabbat HaGadol","4/4/2020",,,,"true","Shabbat before Pesach","3","Jewish Holidays"
"Ta'anit Bechorot","4/8/2020",,,,"true","Fast of the First Born","3","Jewish Holidays"
"Erev Pesach","4/8/2020",,,,"true","Passover; the Feast of Unleavened Bread","3","Jewish Holidays"
"Pesach I","4/9/2020",,,,"true","Passover; the Feast of Unleavened Bread","4","Jewish Holidays"
"Pesach II","4/10/2020",,,,"true","Passover; the Feast of Unleavened Bread","4","Jewish Holidays"
"Pesach III (CH''M)","4/11/2020",,,,"true","Passover; the Feast of Unleavened Bread","3","Jewish Holidays"
"Pesach IV (CH''M)","4/12/2020",,,,"true","Passover; the Feast of Unleavened Bread","3","Jewish Holidays"
"Pesach V (CH''M)","4/13/2020",,,,"true","Passover; the Feast of Unleavened Bread","3","Jewish Holidays"
"Pesach VI (CH''M)","4/14/2020",,,,"true","Passover; the Feast of Unleavened Bread","3","Jewish Holidays"
"Pesach VII","4/15/2020",,,,"true","Passover; the Feast of Unleavened Bread","4","Jewish Holidays"
"Pesach VIII","4/16/2020",,,,"true","Passover; the Feast of Unleavened Bread","4","Jewish Holidays"
"Yom HaShoah","4/21/2020",,,,"true","Holocaust Memorial Day","3","Jewish Holidays"
"Rosh Chodesh Iyyar","4/24/2020",,,,"true","Beginning of new Hebrew month of Iyyar","3","Jewish Holidays"
"Rosh Chodesh Iyyar","4/25/2020",,,,"true","Beginning of new Hebrew month of Iyyar","3","Jewish Holidays"
"Yom HaZikaron","4/28/2020",,,,"true","Israeli Memorial Day","3","Jewish Holidays"
"Yom HaAtzma'ut","4/29/2020",,,,"true","Israeli Independence Day","3","Jewish Holidays"
"Pesach Sheni","5/8/2020",,,,"true","Second Passover; one month after Passover","3","Jewish Holidays"
"Lag BaOmer","5/12/2020",,,,"true","33rd day of counting the Omer","3","Jewish Holidays"
"Yom Yerushalayim","5/22/2020",,,,"true","Jerusalem Day","3","Jewish Holidays"
"Rosh Chodesh Sivan","5/24/2020",,,,"true","Beginning of new Hebrew month of Sivan","3","Jewish Holidays"
"Erev Shavuot","5/28/2020",,,,"true","Festival of Weeks; commemorates the giving of the Torah at Mount Sinai","3","Jewish Holidays"
"Shavuot I","5/29/2020",,,,"true","Festival of Weeks; commemorates the giving of the Torah at Mount Sinai","4","Jewish Holidays"
"Shavuot II","5/30/2020",,,,"true","Festival of Weeks; commemorates the giving of the Torah at Mount Sinai","4","Jewish Holidays"
"Rosh Chodesh Tamuz","6/22/2020",,,,"true","Beginning of new Hebrew month of Tamuz","3","Jewish Holidays"
"Rosh Chodesh Tamuz","6/23/2020",,,,"true","Beginning of new Hebrew month of Tamuz","3","Jewish Holidays"
"Tzom Tammuz","7/9/2020",,,,"true","Fast commemorating breaching of the walls of Jerusalem before the destruction of the Second Temple","3","Jewish Holidays"
"Rosh Chodesh Av","7/22/2020",,,,"true","Beginning of new Hebrew month of Av","3","Jewish Holidays"
"Shabbat Chazon","7/25/2020",,,,"true","Shabbat before Tish'a B'Av (Shabbat of Prophecy/Shabbat of Vision)","3","Jewish Holidays"
"Erev Tish'a B'Av","7/29/2020",,,,"true","The Ninth of Av; fast commemorating the destruction of the two Temples","3","Jewish Holidays"
"Tish'a B'Av","7/30/2020",,,,"true","The Ninth of Av; fast commemorating the destruction of the two Temples","3","Jewish Holidays"
"Shabbat Nachamu","8/1/2020",,,,"true","Shabbat after Tish'a B'Av (Shabbat of Consolation)","3","Jewish Holidays"
"Tu B'Av","8/5/2020",,,,"true","Jewish holiday of love; similar to Valentine's Day","3","Jewish Holidays"
"Rosh Chodesh Elul","8/20/2020",,,,"true","Beginning of new Hebrew month of Elul","3","Jewish Holidays"
"Rosh Chodesh Elul","8/21/2020",,,,"true","Beginning of new Hebrew month of Elul","3","Jewish Holidays"
"Leil Selichot","9/12/2020",,,,"true","Prayers for forgiveness in preparation for the High Holidays","3","Jewish Holidays"
"Erev Rosh Hashana","9/18/2020",,,,"true","The Jewish New Year","3","Jewish Holidays"
"Rosh Hashana 5781","9/19/2020",,,,"true","The Jewish New Year","4","Jewish Holidays"
"Rosh Hashana II","9/20/2020",,,,"true","The Jewish New Year","4","Jewish Holidays"
"Tzom Gedaliah","9/21/2020",,,,"true","Fast of the Seventh Month; commemorates the assassination of the Jewish governor of Judah","3","Jewish Holidays"
"Shabbat Shuva","9/26/2020",,,,"true","Shabbat that falls between Rosh Hashanah and Yom Kippur (Shabbat of Returning)","3","Jewish Holidays"
"Erev Yom Kippur","9/27/2020",,,,"true","Day of Atonement","3","Jewish Holidays"
"Yom Kippur","9/28/2020",,,,"true","Day of Atonement","4","Jewish Holidays"
"Erev Sukkot","10/2/2020",,,,"true","Feast of Tabernacles","3","Jewish Holidays"
"Sukkot I","10/3/2020",,,,"true","Feast of Tabernacles","4","Jewish Holidays"
"Sukkot II","10/4/2020",,,,"true","Feast of Tabernacles","4","Jewish Holidays"
"Sukkot III (CH''M)","10/5/2020",,,,"true","Feast of Tabernacles","3","Jewish Holidays"
"Sukkot IV (CH''M)","10/6/2020",,,,"true","Feast of Tabernacles","3","Jewish Holidays"
"Sukkot V (CH''M)","10/7/2020",,,,"true","Feast of Tabernacles","3","Jewish Holidays"
"Sukkot VI (CH''M)","10/8/2020",,,,"true","Feast of Tabernacles","3","Jewish Holidays"
"Sukkot VII (Hoshana Raba)","10/9/2020",,,,"true","Feast of Tabernacles","3","Jewish Holidays"
"Shmini Atzeret","10/10/2020",,,,"true","Eighth Day of Assembly","4","Jewish Holidays"
"Simchat Torah","10/11/2020",,,,"true","Day of Celebrating the Torah","4","Jewish Holidays"
"Rosh Chodesh Cheshvan","10/18/2020",,,,"true","Beginning of new Hebrew month of Cheshvan","3","Jewish Holidays"
"Rosh Chodesh Cheshvan","10/19/2020",,,,"true","Beginning of new Hebrew month of Cheshvan","3","Jewish Holidays"
"Yom HaAliyah","10/25/2020",,,,"true","Recognizes Aliyah; immigration to the Jewish State of Israel","3","Jewish Holidays"
"Sigd","11/16/2020",,,,"true","Ethiopian Jewish holiday occurring 50 days after Yom Kippur","3","Jewish Holidays"
"Rosh Chodesh Kislev","11/17/2020",,,,"true","Beginning of new Hebrew month of Kislev","3","Jewish Holidays"
"Chanukah: 1 Candle","12/10/2020",,,,"true","The Jewish festival of rededication; also known as the Festival of Lights","3","Jewish Holidays"
"Chanukah: 2 Candles","12/11/2020",,,,"true","The Jewish festival of rededication; also known as the Festival of Lights","3","Jewish Holidays"
"Chanukah: 3 Candles","12/12/2020",,,,"true","The Jewish festival of rededication; also known as the Festival of Lights","3","Jewish Holidays"
"Chanukah: 4 Candles","12/13/2020",,,,"true","The Jewish festival of rededication; also known as the Festival of Lights","3","Jewish Holidays"
"Chanukah: 5 Candles","12/14/2020",,,,"true","The Jewish festival of rededication; also known as the Festival of Lights","3","Jewish Holidays"
"Chanukah: 6 Candles","12/15/2020",,,,"true","The Jewish festival of rededication; also known as the Festival of Lights","3","Jewish Holidays"
"Rosh Chodesh Tevet","12/16/2020",,,,"true","Beginning of new Hebrew month of Tevet","3","Jewish Holidays"
"Chanukah: 7 Candles","12/16/2020",,,,"true","The Jewish festival of rededication; also known as the Festival of Lights","3","Jewish Holidays"
"Chanukah: 8 Candles","12/17/2020",,,,"true","The Jewish festival of rededication; also known as the Festival of Lights","3","Jewish Holidays"
"Chanukah: 8th Day","12/18/2020",,,,"true","The Jewish festival of rededication; also known as the Festival of Lights","3","Jewish Holidays"
"Asara B'Tevet","12/25/2020",,,,"true","Fast commemorating the siege of Jerusalem","3","Jewish Holidays"
"Rosh Chodesh Sh'vat","1/14/2021",,,,"true","Beginning of new Hebrew month of Sh'vat","3","Jewish Holidays"
"Tu BiShvat","1/28/2021",,,,"true","New Year for Trees","3","Jewish Holidays"
"Rosh Chodesh Adar","2/12/2021",,,,"true","Beginning of new Hebrew month of Adar","3","Jewish Holidays"
"Rosh Chodesh Adar","2/13/2021",,,,"true","Beginning of new Hebrew month of Adar","3","Jewish Holidays"
"Shabbat Shekalim","2/13/2021",,,,"true","Shabbat before Rosh Chodesh Adar","3","Jewish Holidays"
"Shabbat Zachor","2/20/2021",,,,"true","Shabbat before Purim","3","Jewish Holidays"
"Ta'anit Esther","2/25/2021",,,,"true","Fast of Esther","3","Jewish Holidays"
"Erev Purim","2/25/2021",,,,"true","Purim is one of the most joyous and fun holidays on the Jewish calendar","3","Jewish Holidays"
"Purim","2/26/2021",,,,"true","Purim is one of the most joyous and fun holidays on the Jewish calendar","3","Jewish Holidays"
"Shushan Purim","2/28/2021",,,,"true","Purim celebrated in Jerusalem and walled cities","3","Jewish Holidays"
"Shabbat Parah","3/6/2021",,,,"true","Shabbat of the Red Heifer","3","Jewish Holidays"
"Shabbat HaChodesh","3/13/2021",,,,"true","Shabbat before Rosh Chodesh Nissan","3","Jewish Holidays"
"Rosh Chodesh Nisan","3/14/2021",,,,"true","Beginning of new Hebrew month of Nisan","3","Jewish Holidays"
"Ta'anit Bechorot","3/25/2021",,,,"true","Fast of the First Born","3","Jewish Holidays"
"Shabbat HaGadol","3/27/2021",,,,"true","Shabbat before Pesach","3","Jewish Holidays"
"Erev Pesach","3/27/2021",,,,"true","Passover; the Feast of Unleavened Bread","3","Jewish Holidays"
"Pesach I","3/28/2021",,,,"true","Passover; the Feast of Unleavened Bread","4","Jewish Holidays"
"Pesach II","3/29/2021",,,,"true","Passover; the Feast of Unleavened Bread","4","Jewish Holidays"
"Pesach III (CH''M)","3/30/2021",,,,"true","Passover; the Feast of Unleavened Bread","3","Jewish Holidays"
"Pesach IV (CH''M)","3/31/2021",,,,"true","Passover; the Feast of Unleavened Bread","3","Jewish Holidays"
"Pesach V (CH''M)","4/1/2021",,,,"true","Passover; the Feast of Unleavened Bread","3","Jewish Holidays"
"Pesach VI (CH''M)","4/2/2021",,,,"true","Passover; the Feast of Unleavened Bread","3","Jewish Holidays"
"Pesach VII","4/3/2021",,,,"true","Passover; the Feast of Unleavened Bread","4","Jewish Holidays"
"Pesach VIII","4/4/2021",,,,"true","Passover; the Feast of Unleavened Bread","4","Jewish Holidays"
"Yom HaShoah","4/8/2021",,,,"true","Holocaust Memorial Day","3","Jewish Holidays"
"Rosh Chodesh Iyyar","4/12/2021",,,,"true","Beginning of new Hebrew month of Iyyar","3","Jewish Holidays"
"Rosh Chodesh Iyyar","4/13/2021",,,,"true","Beginning of new Hebrew month of Iyyar","3","Jewish Holidays"
"Yom HaZikaron","4/14/2021",,,,"true","Israeli Memorial Day","3","Jewish Holidays"
"Yom HaAtzma'ut","4/15/2021",,,,"true","Israeli Independence Day","3","Jewish Holidays"
"Pesach Sheni","4/26/2021",,,,"true","Second Passover; one month after Passover","3","Jewish Holidays"
"Lag BaOmer","4/30/2021",,,,"true","33rd day of counting the Omer","3","Jewish Holidays"
"Yom Yerushalayim","5/10/2021",,,,"true","Jerusalem Day","3","Jewish Holidays"
"Rosh Chodesh Sivan","5/12/2021",,,,"true","Beginning of new Hebrew month of Sivan","3","Jewish Holidays"
"Erev Shavuot","5/16/2021",,,,"true","Festival of Weeks; commemorates the giving of the Torah at Mount Sinai","3","Jewish Holidays"
"Shavuot I","5/17/2021",,,,"true","Festival of Weeks; commemorates the giving of the Torah at Mount Sinai","4","Jewish Holidays"
"Shavuot II","5/18/2021",,,,"true","Festival of Weeks; commemorates the giving of the Torah at Mount Sinai","4","Jewish Holidays"
"Rosh Chodesh Tamuz","6/10/2021",,,,"true","Beginning of new Hebrew month of Tamuz","3","Jewish Holidays"
"Rosh Chodesh Tamuz","6/11/2021",,,,"true","Beginning of new Hebrew month of Tamuz","3","Jewish Holidays"
"Tzom Tammuz","6/27/2021",,,,"true","Fast commemorating breaching of the walls of Jerusalem before the destruction of the Second Temple","3","Jewish Holidays"
"Rosh Chodesh Av","7/10/2021",,,,"true","Beginning of new Hebrew month of Av","3","Jewish Holidays"
"Shabbat Chazon","7/17/2021",,,,"true","Shabbat before Tish'a B'Av (Shabbat of Prophecy/Shabbat of Vision)","3","Jewish Holidays"
"Erev Tish'a B'Av","7/17/2021",,,,"true","The Ninth of Av; fast commemorating the destruction of the two Temples","3","Jewish Holidays"
"Tish'a B'Av","7/18/2021",,,,"true","The Ninth of Av; fast commemorating the destruction of the two Temples","3","Jewish Holidays"
"Shabbat Nachamu","7/24/2021",,,,"true","Shabbat after Tish'a B'Av (Shabbat of Consolation)","3","Jewish Holidays"
"Tu B'Av","7/24/2021",,,,"true","Jewish holiday of love; similar to Valentine's Day","3","Jewish Holidays"
"Rosh Chodesh Elul","8/8/2021",,,,"true","Beginning of new Hebrew month of Elul","3","Jewish Holidays"
"Rosh Chodesh Elul","8/9/2021",,,,"true","Beginning of new Hebrew month of Elul","3","Jewish Holidays"
"Leil Selichot","8/28/2021",,,,"true","Prayers for forgiveness in preparation for the High Holidays","3","Jewish Holidays"
"Erev Rosh Hashana","9/6/2021",,,,"true","The Jewish New Year","3","Jewish Holidays"
"Rosh Hashana 5782","9/7/2021",,,,"true","The Jewish New Year","4","Jewish Holidays"
"Rosh Hashana II","9/8/2021",,,,"true","The Jewish New Year","4","Jewish Holidays"
"Tzom Gedaliah","9/9/2021",,,,"true","Fast of the Seventh Month; commemorates the assassination of the Jewish governor of Judah","3","Jewish Holidays"
"Shabbat Shuva","9/11/2021",,,,"true","Shabbat that falls between Rosh Hashanah and Yom Kippur (Shabbat of Returning)","3","Jewish Holidays"
"Erev Yom Kippur","9/15/2021",,,,"true","Day of Atonement","3","Jewish Holidays"
"Yom Kippur","9/16/2021",,,,"true","Day of Atonement","4","Jewish Holidays"
"Erev Sukkot","9/20/2021",,,,"true","Feast of Tabernacles","3","Jewish Holidays"
"Sukkot I","9/21/2021",,,,"true","Feast of Tabernacles","4","Jewish Holidays"
"Sukkot II","9/22/2021",,,,"true","Feast of Tabernacles","4","Jewish Holidays"
"Sukkot III (CH''M)","9/23/2021",,,,"true","Feast of Tabernacles","3","Jewish Holidays"
"Sukkot IV (CH''M)","9/24/2021",,,,"true","Feast of Tabernacles","3","Jewish Holidays"
"Sukkot V (CH''M)","9/25/2021",,,,"true","Feast of Tabernacles","3","Jewish Holidays"
"Sukkot VI (CH''M)","9/26/2021",,,,"true","Feast of Tabernacles","3","Jewish Holidays"
"Sukkot VII (Hoshana Raba)","9/27/2021",,,,"true","Feast of Tabernacles","3","Jewish Holidays"
"Shmini Atzeret","9/28/2021",,,,"true","Eighth Day of Assembly","4","Jewish Holidays"
"Simchat Torah","9/29/2021",,,,"true","Day of Celebrating the Torah","4","Jewish Holidays"
"Rosh Chodesh Cheshvan","10/6/2021",,,,"true","Beginning of new Hebrew month of Cheshvan","3","Jewish Holidays"
"Rosh Chodesh Cheshvan","10/7/2021",,,,"true","Beginning of new Hebrew month of Cheshvan","3","Jewish Holidays"
"Yom HaAliyah","10/13/2021",,,,"true","Recognizes Aliyah; immigration to the Jewish State of Israel","3","Jewish Holidays"
"Sigd","11/4/2021",,,,"true","Ethiopian Jewish holiday occurring 50 days after Yom Kippur","3","Jewish Holidays"
"Rosh Chodesh Kislev","11/5/2021",,,,"true","Beginning of new Hebrew month of Kislev","3","Jewish Holidays"
"Chanukah: 1 Candle","11/28/2021",,,,"true","The Jewish festival of rededication; also known as the Festival of Lights","3","Jewish Holidays"
"Chanukah: 2 Candles","11/29/2021",,,,"true","The Jewish festival of rededication; also known as the Festival of Lights","3","Jewish Holidays"
"Chanukah: 3 Candles","11/30/2021",,,,"true","The Jewish festival of rededication; also known as the Festival of Lights","3","Jewish Holidays"
"Chanukah: 4 Candles","12/1/2021",,,,"true","The Jewish festival of rededication; also known as the Festival of Lights","3","Jewish Holidays"
"Chanukah: 5 Candles","12/2/2021",,,,"true","The Jewish festival of rededication; also known as the Festival of Lights","3","Jewish Holidays"
"Chanukah: 6 Candles","12/3/2021",,,,"true","The Jewish festival of rededication; also known as the Festival of Lights","3","Jewish Holidays"
"Rosh Chodesh Tevet","12/4/2021",,,,"true","Beginning of new Hebrew month of Tevet","3","Jewish Holidays"
"Chanukah: 7 Candles","12/4/2021",,,,"true","The Jewish festival of rededication; also known as the Festival of Lights","3","Jewish Holidays"
"Rosh Chodesh Tevet","12/5/2021",,,,"true","Beginning of new Hebrew month of Tevet","3","Jewish Holidays"
"Chanukah: 8 Candles","12/5/2021",,,,"true","The Jewish festival of rededication; also known as the Festival of Lights","3","Jewish Holidays"
"Chanukah: 8th Day","12/6/2021",,,,"true","The Jewish festival of rededication; also known as the Festival of Lights","3","Jewish Holidays"
"Asara B'Tevet","12/14/2021",,,,"true","Fast commemorating the siege of Jerusalem","3","Jewish Holidays"
"Rosh Chodesh Sh'vat","1/3/2022",,,,"true","Beginning of new Hebrew month of Sh'vat","3","Jewish Holidays"
"Tu BiShvat","1/17/2022",,,,"true","New Year for Trees","3","Jewish Holidays"
"Rosh Chodesh Adar I","2/1/2022",,,,"true","Beginning of new Hebrew month of Adar","3","Jewish Holidays"
"Rosh Chodesh Adar I","2/2/2022",,,,"true","Beginning of new Hebrew month of Adar","3","Jewish Holidays"
"Purim Katan","2/15/2022",,,,"true","Minor Purim celebration during Adar I on leap years","3","Jewish Holidays"
"Shabbat Shekalim","2/26/2022",,,,"true","Shabbat before Rosh Chodesh Adar","3","Jewish Holidays"
"Rosh Chodesh Adar II","3/3/2022",,,,"true","Beginning of new Hebrew month of Adar II (on leap years)","3","Jewish Holidays"
"Rosh Chodesh Adar II","3/4/2022",,,,"true","Beginning of new Hebrew month of Adar II (on leap years)","3","Jewish Holidays"
"Shabbat Zachor","3/12/2022",,,,"true","Shabbat before Purim","3","Jewish Holidays"
"Ta'anit Esther","3/16/2022",,,,"true","Fast of Esther","3","Jewish Holidays"
"Erev Purim","3/16/2022",,,,"true","Purim is one of the most joyous and fun holidays on the Jewish calendar","3","Jewish Holidays"
"Purim","3/17/2022",,,,"true","Purim is one of the most joyous and fun holidays on the Jewish calendar","3","Jewish Holidays"
"Shushan Purim","3/18/2022",,,,"true","Purim celebrated in Jerusalem and walled cities","3","Jewish Holidays"
"Shabbat Parah","3/26/2022",,,,"true","Shabbat of the Red Heifer","3","Jewish Holidays"
"Rosh Chodesh Nisan","4/2/2022",,,,"true","Beginning of new Hebrew month of Nisan","3","Jewish Holidays"
"Shabbat HaChodesh","4/2/2022",,,,"true","Shabbat before Rosh Chodesh Nissan","3","Jewish Holidays"
"Shabbat HaGadol","4/9/2022",,,,"true","Shabbat before Pesach","3","Jewish Holidays"
"Ta'anit Bechorot","4/15/2022",,,,"true","Fast of the First Born","3","Jewish Holidays"
"Erev Pesach","4/15/2022",,,,"true","Passover; the Feast of Unleavened Bread","3","Jewish Holidays"
"Pesach I","4/16/2022",,,,"true","Passover; the Feast of Unleavened Bread","4","Jewish Holidays"
"Pesach II","4/17/2022",,,,"true","Passover; the Feast of Unleavened Bread","4","Jewish Holidays"
"Pesach III (CH''M)","4/18/2022",,,,"true","Passover; the Feast of Unleavened Bread","3","Jewish Holidays"
"Pesach IV (CH''M)","4/19/2022",,,,"true","Passover; the Feast of Unleavened Bread","3","Jewish Holidays"
"Pesach V (CH''M)","4/20/2022",,,,"true","Passover; the Feast of Unleavened Bread","3","Jewish Holidays"
"Pesach VI (CH''M)","4/21/2022",,,,"true","Passover; the Feast of Unleavened Bread","3","Jewish Holidays"
"Pesach VII","4/22/2022",,,,"true","Passover; the Feast of Unleavened Bread","4","Jewish Holidays"
"Pesach VIII","4/23/2022",,,,"true","Passover; the Feast of Unleavened Bread","4","Jewish Holidays"
"Yom HaShoah","4/28/2022",,,,"true","Holocaust Memorial Day","3","Jewish Holidays"
"Rosh Chodesh Iyyar","5/1/2022",,,,"true","Beginning of new Hebrew month of Iyyar","3","Jewish Holidays"
"Rosh Chodesh Iyyar","5/2/2022",,,,"true","Beginning of new Hebrew month of Iyyar","3","Jewish Holidays"
"Yom HaZikaron","5/4/2022",,,,"true","Israeli Memorial Day","3","Jewish Holidays"
"Yom HaAtzma'ut","5/5/2022",,,,"true","Israeli Independence Day","3","Jewish Holidays"
"Pesach Sheni","5/15/2022",,,,"true","Second Passover; one month after Passover","3","Jewish Holidays"
"Lag BaOmer","5/19/2022",,,,"true","33rd day of counting the Omer","3","Jewish Holidays"
"Yom Yerushalayim","5/29/2022",,,,"true","Jerusalem Day","3","Jewish Holidays"
"Rosh Chodesh Sivan","5/31/2022",,,,"true","Beginning of new Hebrew month of Sivan","3","Jewish Holidays"
"Erev Shavuot","6/4/2022",,,,"true","Festival of Weeks; commemorates the giving of the Torah at Mount Sinai","3","Jewish Holidays"
"Shavuot I","6/5/2022",,,,"true","Festival of Weeks; commemorates the giving of the Torah at Mount Sinai","4","Jewish Holidays"
"Shavuot II","6/6/2022",,,,"true","Festival of Weeks; commemorates the giving of the Torah at Mount Sinai","4","Jewish Holidays"
"Rosh Chodesh Tamuz","6/29/2022",,,,"true","Beginning of new Hebrew month of Tamuz","3","Jewish Holidays"
"Rosh Chodesh Tamuz","6/30/2022",,,,"true","Beginning of new Hebrew month of Tamuz","3","Jewish Holidays"
"Tzom Tammuz","7/17/2022",,,,"true","Fast commemorating breaching of the walls of Jerusalem before the destruction of the Second Temple","3","Jewish Holidays"
"Rosh Chodesh Av","7/29/2022",,,,"true","Beginning of new Hebrew month of Av","3","Jewish Holidays"
"Shabbat Chazon","8/6/2022",,,,"true","Shabbat before Tish'a B'Av (Shabbat of Prophecy/Shabbat of Vision)","3","Jewish Holidays"
"Erev Tish'a B'Av","8/6/2022",,,,"true","The Ninth of Av; fast commemorating the destruction of the two Temples","3","Jewish Holidays"
"Tish'a B'Av","8/7/2022",,,,"true","The Ninth of Av; fast commemorating the destruction of the two Temples","3","Jewish Holidays"
"Tu B'Av","8/12/2022",,,,"true","Jewish holiday of love; similar to Valentine's Day","3","Jewish Holidays"
"Shabbat Nachamu","8/13/2022",,,,"true","Shabbat after Tish'a B'Av (Shabbat of Consolation)","3","Jewish Holidays"
"Rosh Chodesh Elul","8/27/2022",,,,"true","Beginning of new Hebrew month of Elul","3","Jewish Holidays"
"Rosh Chodesh Elul","8/28/2022",,,,"true","Beginning of new Hebrew month of Elul","3","Jewish Holidays"
"Leil Selichot","9/17/2022",,,,"true","Prayers for forgiveness in preparation for the High Holidays","3","Jewish Holidays"
"Erev Rosh Hashana","9/25/2022",,,,"true","The Jewish New Year","3","Jewish Holidays"
"Rosh Hashana 5783","9/26/2022",,,,"true","The Jewish New Year","4","Jewish Holidays"
"Rosh Hashana II","9/27/2022",,,,"true","The Jewish New Year","4","Jewish Holidays"
"Tzom Gedaliah","9/28/2022",,,,"true","Fast of the Seventh Month; commemorates the assassination of the Jewish governor of Judah","3","Jewish Holidays"
"Shabbat Shuva","10/1/2022",,,,"true","Shabbat that falls between Rosh Hashanah and Yom Kippur (Shabbat of Returning)","3","Jewish Holidays"
"Erev Yom Kippur","10/4/2022",,,,"true","Day of Atonement","3","Jewish Holidays"
"Yom Kippur","10/5/2022",,,,"true","Day of Atonement","4","Jewish Holidays"
"Erev Sukkot","10/9/2022",,,,"true","Feast of Tabernacles","3","Jewish Holidays"
"Sukkot I","10/10/2022",,,,"true","Feast of Tabernacles","4","Jewish Holidays"
"Sukkot II","10/11/2022",,,,"true","Feast of Tabernacles","4","Jewish Holidays"
"Sukkot III (CH''M)","10/12/2022",,,,"true","Feast of Tabernacles","3","Jewish Holidays"
"Sukkot IV (CH''M)","10/13/2022",,,,"true","Feast of Tabernacles","3","Jewish Holidays"
"Sukkot V (CH''M)","10/14/2022",,,,"true","Feast of Tabernacles","3","Jewish Holidays"
"Sukkot VI (CH''M)","10/15/2022",,,,"true","Feast of Tabernacles","3","Jewish Holidays"
"Sukkot VII (Hoshana Raba)","10/16/2022",,,,"true","Feast of Tabernacles","3","Jewish Holidays"
"Shmini Atzeret","10/17/2022",,,,"true","Eighth Day of Assembly","4","Jewish Holidays"
"Simchat Torah","10/18/2022",,,,"true","Day of Celebrating the Torah","4","Jewish Holidays"
"Rosh Chodesh Cheshvan","10/25/2022",,,,"true","Beginning of new Hebrew month of Cheshvan","3","Jewish Holidays"
"Rosh Chodesh Cheshvan","10/26/2022",,,,"true","Beginning of new Hebrew month of Cheshvan","3","Jewish Holidays"
"Yom HaAliyah","11/1/2022",,,,"true","Recognizes Aliyah; immigration to the Jewish State of Israel","3","Jewish Holidays"
"Sigd","11/23/2022",,,,"true","Ethiopian Jewish holiday occurring 50 days after Yom Kippur","3","Jewish Holidays"
"Rosh Chodesh Kislev","11/24/2022",,,,"true","Beginning of new Hebrew month of Kislev","3","Jewish Holidays"
"Rosh Chodesh Kislev","11/25/2022",,,,"true","Beginning of new Hebrew month of Kislev","3","Jewish Holidays"
"Chanukah: 1 Candle","12/18/2022",,,,"true","The Jewish festival of rededication; also known as the Festival of Lights","3","Jewish Holidays"
"Chanukah: 2 Candles","12/19/2022",,,,"true","The Jewish festival of rededication; also known as the Festival of Lights","3","Jewish Holidays"
"Chanukah: 3 Candles","12/20/2022",,,,"true","The Jewish festival of rededication; also known as the Festival of Lights","3","Jewish Holidays"
"Chanukah: 4 Candles","12/21/2022",,,,"true","The Jewish festival of rededication; also known as the Festival of Lights","3","Jewish Holidays"
"Chanukah: 5 Candles","12/22/2022",,,,"true","The Jewish festival of rededication; also known as the Festival of Lights","3","Jewish Holidays"
"Chanukah: 6 Candles","12/23/2022",,,,"true","The Jewish festival of rededication; also known as the Festival of Lights","3","Jewish Holidays"
"Rosh Chodesh Tevet","12/24/2022",,,,"true","Beginning of new Hebrew month of Tevet","3","Jewish Holidays"
"Chanukah: 7 Candles","12/24/2022",,,,"true","The Jewish festival of rededication; also known as the Festival of Lights","3","Jewish Holidays"
"Rosh Chodesh Tevet","12/25/2022",,,,"true","Beginning of new Hebrew month of Tevet","3","Jewish Holidays"
"Chanukah: 8 Candles","12/25/2022",,,,"true","The Jewish festival of rededication; also known as the Festival of Lights","3","Jewish Holidays"
"Chanukah: 8th Day","12/26/2022",,,,"true","The Jewish festival of rededication; also known as the Festival of Lights","3","Jewish Holidays"
"Asara B'Tevet","1/3/2023",,,,"true","Fast commemorating the siege of Jerusalem","3","Jewish Holidays"
"Rosh Chodesh Sh'vat","1/23/2023",,,,"true","Beginning of new Hebrew month of Sh'vat","3","Jewish Holidays"
"Tu BiShvat","2/6/2023",,,,"true","New Year for Trees","3","Jewish Holidays"
"Shabbat Shekalim","2/18/2023",,,,"true","Shabbat before Rosh Chodesh Adar","3","Jewish Holidays"
"Rosh Chodesh Adar","2/21/2023",,,,"true","Beginning of new Hebrew month of Adar","3","Jewish Holidays"
"Rosh Chodesh Adar","2/22/2023",,,,"true","Beginning of new Hebrew month of Adar","3","Jewish Holidays"
"Shabbat Zachor","3/4/2023",,,,"true","Shabbat before Purim","3","Jewish Holidays"
"Ta'anit Esther","3/6/2023",,,,"true","Fast of Esther","3","Jewish Holidays"
"Erev Purim","3/6/2023",,,,"true","Purim is one of the most joyous and fun holidays on the Jewish calendar","3","Jewish Holidays"
"Purim","3/7/2023",,,,"true","Purim is one of the most joyous and fun holidays on the Jewish calendar","3","Jewish Holidays"
"Shushan Purim","3/8/2023",,,,"true","Purim celebrated in Jerusalem and walled cities","3","Jewish Holidays"
"Shabbat Parah","3/11/2023",,,,"true","Shabbat of the Red Heifer","3","Jewish Holidays"
"Shabbat HaChodesh","3/18/2023",,,,"true","Shabbat before Rosh Chodesh Nissan","3","Jewish Holidays"
"Rosh Chodesh Nisan","3/23/2023",,,,"true","Beginning of new Hebrew month of Nisan","3","Jewish Holidays"
"Shabbat HaGadol","4/1/2023",,,,"true","Shabbat before Pesach","3","Jewish Holidays"
"Ta'anit Bechorot","4/5/2023",,,,"true","Fast of the First Born","3","Jewish Holidays"
"Erev Pesach","4/5/2023",,,,"true","Passover; the Feast of Unleavened Bread","3","Jewish Holidays"
"Pesach I","4/6/2023",,,,"true","Passover; the Feast of Unleavened Bread","4","Jewish Holidays"
"Pesach II","4/7/2023",,,,"true","Passover; the Feast of Unleavened Bread","4","Jewish Holidays"
"Pesach III (CH''M)","4/8/2023",,,,"true","Passover; the Feast of Unleavened Bread","3","Jewish Holidays"
"Pesach IV (CH''M)","4/9/2023",,,,"true","Passover; the Feast of Unleavened Bread","3","Jewish Holidays"
"Pesach V (CH''M)","4/10/2023",,,,"true","Passover; the Feast of Unleavened Bread","3","Jewish Holidays"
"Pesach VI (CH''M)","4/11/2023",,,,"true","Passover; the Feast of Unleavened Bread","3","Jewish Holidays"
"Pesach VII","4/12/2023",,,,"true","Passover; the Feast of Unleavened Bread","4","Jewish Holidays"
"Pesach VIII","4/13/2023",,,,"true","Passover; the Feast of Unleavened Bread","4","Jewish Holidays"
"Yom HaShoah","4/18/2023",,,,"true","Holocaust Memorial Day","3","Jewish Holidays"
"Rosh Chodesh Iyyar","4/21/2023",,,,"true","Beginning of new Hebrew month of Iyyar","3","Jewish Holidays"
"Rosh Chodesh Iyyar","4/22/2023",,,,"true","Beginning of new Hebrew month of Iyyar","3","Jewish Holidays"
"Yom HaZikaron","4/25/2023",,,,"true","Israeli Memorial Day","3","Jewish Holidays"
"Yom HaAtzma'ut","4/26/2023",,,,"true","Israeli Independence Day","3","Jewish Holidays"
"Pesach Sheni","5/5/2023",,,,"true","Second Passover; one month after Passover","3","Jewish Holidays"
"Lag BaOmer","5/9/2023",,,,"true","33rd day of counting the Omer","3","Jewish Holidays"
"Yom Yerushalayim","5/19/2023",,,,"true","Jerusalem Day","3","Jewish Holidays"
"Rosh Chodesh Sivan","5/21/2023",,,,"true","Beginning of new Hebrew month of Sivan","3","Jewish Holidays"
"Erev Shavuot","5/25/2023",,,,"true","Festival of Weeks; commemorates the giving of the Torah at Mount Sinai","3","Jewish Holidays"
"Shavuot I","5/26/2023",,,,"true","Festival of Weeks; commemorates the giving of the Torah at Mount Sinai","4","Jewish Holidays"
"Shavuot II","5/27/2023",,,,"true","Festival of Weeks; commemorates the giving of the Torah at Mount Sinai","4","Jewish Holidays"
"Rosh Chodesh Tamuz","6/19/2023",,,,"true","Beginning of new Hebrew month of Tamuz","3","Jewish Holidays"
"Rosh Chodesh Tamuz","6/20/2023",,,,"true","Beginning of new Hebrew month of Tamuz","3","Jewish Holidays"
"Tzom Tammuz","7/6/2023",,,,"true","Fast commemorating breaching of the walls of Jerusalem before the destruction of the Second Temple","3","Jewish Holidays"
"Rosh Chodesh Av","7/19/2023",,,,"true","Beginning of new Hebrew month of Av","3","Jewish Holidays"
"Shabbat Chazon","7/22/2023",,,,"true","Shabbat before Tish'a B'Av (Shabbat of Prophecy/Shabbat of Vision)","3","Jewish Holidays"
"Erev Tish'a B'Av","7/26/2023",,,,"true","The Ninth of Av; fast commemorating the destruction of the two Temples","3","Jewish Holidays"
"Tish'a B'Av","7/27/2023",,,,"true","The Ninth of Av; fast commemorating the destruction of the two Temples","3","Jewish Holidays"
"Shabbat Nachamu","7/29/2023",,,,"true","Shabbat after Tish'a B'Av (Shabbat of Consolation)","3","Jewish Holidays"
"Tu B'Av","8/2/2023",,,,"true","Jewish holiday of love; similar to Valentine's Day","3","Jewish Holidays"
"Rosh Chodesh Elul","8/17/2023",,,,"true","Beginning of new Hebrew month of Elul","3","Jewish Holidays"
"Rosh Chodesh Elul","8/18/2023",,,,"true","Beginning of new Hebrew month of Elul","3","Jewish Holidays"
"Leil Selichot","9/9/2023",,,,"true","Prayers for forgiveness in preparation for the High Holidays","3","Jewish Holidays"
"Erev Rosh Hashana","9/15/2023",,,,"true","The Jewish New Year","3","Jewish Holidays"
"Rosh Hashana 5784","9/16/2023",,,,"true","The Jewish New Year","4","Jewish Holidays"
"Rosh Hashana II","9/17/2023",,,,"true","The Jewish New Year","4","Jewish Holidays"
"Tzom Gedaliah","9/18/2023",,,,"true","Fast of the Seventh Month; commemorates the assassination of the Jewish governor of Judah","3","Jewish Holidays"
"Shabbat Shuva","9/23/2023",,,,"true","Shabbat that falls between Rosh Hashanah and Yom Kippur (Shabbat of Returning)","3","Jewish Holidays"
"Erev Yom Kippur","9/24/2023",,,,"true","Day of Atonement","3","Jewish Holidays"
"Yom Kippur","9/25/2023",,,,"true","Day of Atonement","4","Jewish Holidays"
"Erev Sukkot","9/29/2023",,,,"true","Feast of Tabernacles","3","Jewish Holidays"
"Sukkot I","9/30/2023",,,,"true","Feast of Tabernacles","4","Jewish Holidays"
"Sukkot II","10/1/2023",,,,"true","Feast of Tabernacles","4","Jewish Holidays"
"Sukkot III (CH''M)","10/2/2023",,,,"true","Feast of Tabernacles","3","Jewish Holidays"
"Sukkot IV (CH''M)","10/3/2023",,,,"true","Feast of Tabernacles","3","Jewish Holidays"
"Sukkot V (CH''M)","10/4/2023",,,,"true","Feast of Tabernacles","3","Jewish Holidays"
"Sukkot VI (CH''M)","10/5/2023",,,,"true","Feast of Tabernacles","3","Jewish Holidays"
"Sukkot VII (Hoshana Raba)","10/6/2023",,,,"true","Feast of Tabernacles","3","Jewish Holidays"
"Shmini Atzeret","10/7/2023",,,,"true","Eighth Day of Assembly","4","Jewish Holidays"
"Simchat Torah","10/8/2023",,,,"true","Day of Celebrating the Torah","4","Jewish Holidays"
"Rosh Chodesh Cheshvan","10/15/2023",,,,"true","Beginning of new Hebrew month of Cheshvan","3","Jewish Holidays"
"Rosh Chodesh Cheshvan","10/16/2023",,,,"true","Beginning of new Hebrew month of Cheshvan","3","Jewish Holidays"
"Yom HaAliyah","10/22/2023",,,,"true","Recognizes Aliyah; immigration to the Jewish State of Israel","3","Jewish Holidays"
"Sigd","11/13/2023",,,,"true","Ethiopian Jewish holiday occurring 50 days after Yom Kippur","3","Jewish Holidays"
"Rosh Chodesh Kislev","11/14/2023",,,,"true","Beginning of new Hebrew month of Kislev","3","Jewish Holidays"
"Chanukah: 1 Candle","12/7/2023",,,,"true","The Jewish festival of rededication; also known as the Festival of Lights","3","Jewish Holidays"
"Chanukah: 2 Candles","12/8/2023",,,,"true","The Jewish festival of rededication; also known as the Festival of Lights","3","Jewish Holidays"
"Chanukah: 3 Candles","12/9/2023",,,,"true","The Jewish festival of rededication; also known as the Festival of Lights","3","Jewish Holidays"
"Chanukah: 4 Candles","12/10/2023",,,,"true","The Jewish festival of rededication; also known as the Festival of Lights","3","Jewish Holidays"
"Chanukah: 5 Candles","12/11/2023",,,,"true","The Jewish festival of rededication; also known as the Festival of Lights","3","Jewish Holidays"
"Chanukah: 6 Candles","12/12/2023",,,,"true","The Jewish festival of rededication; also known as the Festival of Lights","3","Jewish Holidays"
"Rosh Chodesh Tevet","12/13/2023",,,,"true","Beginning of new Hebrew month of Tevet","3","Jewish Holidays"
"Chanukah: 7 Candles","12/13/2023",,,,"true","The Jewish festival of rededication; also known as the Festival of Lights","3","Jewish Holidays"
"Chanukah: 8 Candles","12/14/2023",,,,"true","The Jewish festival of rededication; also known as the Festival of Lights","3","Jewish Holidays"
"Chanukah: 8th Day","12/15/2023",,,,"true","The Jewish festival of rededication; also known as the Festival of Lights","3","Jewish Holidays"
"Asara B'Tevet","12/22/2023",,,,"true","Fast commemorating the siege of Jerusalem","3","Jewish Holidays"
"Rosh Chodesh Sh'vat","1/11/2024",,,,"true","Beginning of new Hebrew month of Sh'vat","3","Jewish Holidays"
"Tu BiShvat","1/25/2024",,,,"true","New Year for Trees","3","Jewish Holidays"
"Rosh Chodesh Adar I","2/9/2024",,,,"true","Beginning of new Hebrew month of Adar","3","Jewish Holidays"
"Rosh Chodesh Adar I","2/10/2024",,,,"true","Beginning of new Hebrew month of Adar","3","Jewish Holidays"
"Purim Katan","2/23/2024",,,,"true","Minor Purim celebration during Adar I on leap years","3","Jewish Holidays"
"Shabbat Shekalim","3/9/2024",,,,"true","Shabbat before Rosh Chodesh Adar","3","Jewish Holidays"
"Rosh Chodesh Adar II","3/10/2024",,,,"true","Beginning of new Hebrew month of Adar II (on leap years)","3","Jewish Holidays"
"Rosh Chodesh Adar II","3/11/2024",,,,"true","Beginning of new Hebrew month of Adar II (on leap years)","3","Jewish Holidays"
"Ta'anit Esther","3/21/2024",,,,"true","Fast of Esther","3","Jewish Holidays"
"Shabbat Zachor","3/23/2024",,,,"true","Shabbat before Purim","3","Jewish Holidays"
"Erev Purim","3/23/2024",,,,"true","Purim is one of the most joyous and fun holidays on the Jewish calendar","3","Jewish Holidays"
"Purim","3/24/2024",,,,"true","Purim is one of the most joyous and fun holidays on the Jewish calendar","3","Jewish Holidays"
"Shushan Purim","3/25/2024",,,,"true","Purim celebrated in Jerusalem and walled cities","3","Jewish Holidays"
"Shabbat Parah","3/30/2024",,,,"true","Shabbat of the Red Heifer","3","Jewish Holidays"
"Shabbat HaChodesh","4/6/2024",,,,"true","Shabbat before Rosh Chodesh Nissan","3","Jewish Holidays"
"Rosh Chodesh Nisan","4/9/2024",,,,"true","Beginning of new Hebrew month of Nisan","3","Jewish Holidays"
"Shabbat HaGadol","4/20/2024",,,,"true","Shabbat before Pesach","3","Jewish Holidays"
"Ta'anit Bechorot","4/22/2024",,,,"true","Fast of the First Born","3","Jewish Holidays"
"Erev Pesach","4/22/2024",,,,"true","Passover; the Feast of Unleavened Bread","3","Jewish Holidays"
"Pesach I","4/23/2024",,,,"true","Passover; the Feast of Unleavened Bread","4","Jewish Holidays"
"Pesach II","4/24/2024",,,,"true","Passover; the Feast of Unleavened Bread","4","Jewish Holidays"
"Pesach III (CH''M)","4/25/2024",,,,"true","Passover; the Feast of Unleavened Bread","3","Jewish Holidays"
"Pesach IV (CH''M)","4/26/2024",,,,"true","Passover; the Feast of Unleavened Bread","3","Jewish Holidays"
"Pesach V (CH''M)","4/27/2024",,,,"true","Passover; the Feast of Unleavened Bread","3","Jewish Holidays"
"Pesach VI (CH''M)","4/28/2024",,,,"true","Passover; the Feast of Unleavened Bread","3","Jewish Holidays"
"Pesach VII","4/29/2024",,,,"true","Passover; the Feast of Unleavened Bread","4","Jewish Holidays"
"Pesach VIII","4/30/2024",,,,"true","Passover; the Feast of Unleavened Bread","4","Jewish Holidays"
"Yom HaShoah","5/6/2024",,,,"true","Holocaust Memorial Day","3","Jewish Holidays"
"Rosh Chodesh Iyyar","5/8/2024",,,,"true","Beginning of new Hebrew month of Iyyar","3","Jewish Holidays"
"Rosh Chodesh Iyyar","5/9/2024",,,,"true","Beginning of new Hebrew month of Iyyar","3","Jewish Holidays"
"Yom HaZikaron","5/13/2024",,,,"true","Israeli Memorial Day","3","Jewish Holidays"
"Yom HaAtzma'ut","5/14/2024",,,,"true","Israeli Independence Day","3","Jewish Holidays"
"Pesach Sheni","5/22/2024",,,,"true","Second Passover; one month after Passover","3","Jewish Holidays"
"Lag BaOmer","5/26/2024",,,,"true","33rd day of counting the Omer","3","Jewish Holidays"
"Yom Yerushalayim","6/5/2024",,,,"true","Jerusalem Day","3","Jewish Holidays"
"Rosh Chodesh Sivan","6/7/2024",,,,"true","Beginning of new Hebrew month of Sivan","3","Jewish Holidays"
"Erev Shavuot","6/11/2024",,,,"true","Festival of Weeks; commemorates the giving of the Torah at Mount Sinai","3","Jewish Holidays"
"Shavuot I","6/12/2024",,,,"true","Festival of Weeks; commemorates the giving of the Torah at Mount Sinai","4","Jewish Holidays"
"Shavuot II","6/13/2024",,,,"true","Festival of Weeks; commemorates the giving of the Torah at Mount Sinai","4","Jewish Holidays"
"Rosh Chodesh Tamuz","7/6/2024",,,,"true","Beginning of new Hebrew month of Tamuz","3","Jewish Holidays"
"Rosh Chodesh Tamuz","7/7/2024",,,,"true","Beginning of new Hebrew month of Tamuz","3","Jewish Holidays"
"Tzom Tammuz","7/23/2024",,,,"true","Fast commemorating breaching of the walls of Jerusalem before the destruction of the Second Temple","3","Jewish Holidays"
"Rosh Chodesh Av","8/5/2024",,,,"true","Beginning of new Hebrew month of Av","3","Jewish Holidays"
"Shabbat Chazon","8/10/2024",,,,"true","Shabbat before Tish'a B'Av (Shabbat of Prophecy/Shabbat of Vision)","3","Jewish Holidays"
"Erev Tish'a B'Av","8/12/2024",,,,"true","The Ninth of Av; fast commemorating the destruction of the two Temples","3","Jewish Holidays"
"Tish'a B'Av","8/13/2024",,,,"true","The Ninth of Av; fast commemorating the destruction of the two Temples","3","Jewish Holidays"
"Shabbat Nachamu","8/17/2024",,,,"true","Shabbat after Tish'a B'Av (Shabbat of Consolation)","3","Jewish Holidays"
"Tu B'Av","8/19/2024",,,,"true","Jewish holiday of love; similar to Valentine's Day","3","Jewish Holidays"
"Rosh Chodesh Elul","9/3/2024",,,,"true","Beginning of new Hebrew month of Elul","3","Jewish Holidays"
"Rosh Chodesh Elul","9/4/2024",,,,"true","Beginning of new Hebrew month of Elul","3","Jewish Holidays"
"Leil Selichot","9/28/2024",,,,"true","Prayers for forgiveness in preparation for the High Holidays","3","Jewish Holidays"
"Erev Rosh Hashana","10/2/2024",,,,"true","The Jewish New Year","3","Jewish Holidays"
"Rosh Hashana 5785","10/3/2024",,,,"true","The Jewish New Year","4","Jewish Holidays"
"Rosh Hashana II","10/4/2024",,,,"true","The Jewish New Year","4","Jewish Holidays"
"Shabbat Shuva","10/5/2024",,,,"true","Shabbat that falls between Rosh Hashanah and Yom Kippur (Shabbat of Returning)","3","Jewish Holidays"
"Tzom Gedaliah","10/6/2024",,,,"true","Fast of the Seventh Month; commemorates the assassination of the Jewish governor of Judah","3","Jewish Holidays"
"Erev Yom Kippur","10/11/2024",,,,"true","Day of Atonement","3","Jewish Holidays"
"Yom Kippur","10/12/2024",,,,"true","Day of Atonement","4","Jewish Holidays"
"Erev Sukkot","10/16/2024",,,,"true","Feast of Tabernacles","3","Jewish Holidays"
"Sukkot I","10/17/2024",,,,"true","Feast of Tabernacles","4","Jewish Holidays"
"Sukkot II","10/18/2024",,,,"true","Feast of Tabernacles","4","Jewish Holidays"
"Sukkot III (CH''M)","10/19/2024",,,,"true","Feast of Tabernacles","3","Jewish Holidays"
"Sukkot IV (CH''M)","10/20/2024",,,,"true","Feast of Tabernacles","3","Jewish Holidays"
"Sukkot V (CH''M)","10/21/2024",,,,"true","Feast of Tabernacles","3","Jewish Holidays"
"Sukkot VI (CH''M)","10/22/2024",,,,"true","Feast of Tabernacles","3","Jewish Holidays"
"Sukkot VII (Hoshana Raba)","10/23/2024",,,,"true","Feast of Tabernacles","3","Jewish Holidays"
"Shmini Atzeret","10/24/2024",,,,"true","Eighth Day of Assembly","4","Jewish Holidays"
"Simchat Torah","10/25/2024",,,,"true","Day of Celebrating the Torah","4","Jewish Holidays"
"Rosh Chodesh Cheshvan","11/1/2024",,,,"true","Beginning of new Hebrew month of Cheshvan","3","Jewish Holidays"
"Rosh Chodesh Cheshvan","11/2/2024",,,,"true","Beginning of new Hebrew month of Cheshvan","3","Jewish Holidays"
"Yom HaAliyah","11/8/2024",,,,"true","Recognizes Aliyah; immigration to the Jewish State of Israel","3","Jewish Holidays"
"Sigd","11/30/2024",,,,"true","Ethiopian Jewish holiday occurring 50 days after Yom Kippur","3","Jewish Holidays"
"Rosh Chodesh Kislev","12/1/2024",,,,"true","Beginning of new Hebrew month of Kislev","3","Jewish Holidays"
"Rosh Chodesh Kislev","12/2/2024",,,,"true","Beginning of new Hebrew month of Kislev","3","Jewish Holidays"
"Chanukah: 1 Candle","12/25/2024",,,,"true","The Jewish festival of rededication; also known as the Festival of Lights","3","Jewish Holidays"
"Chanukah: 2 Candles","12/26/2024",,,,"true","The Jewish festival of rededication; also known as the Festival of Lights","3","Jewish Holidays"
"Chanukah: 3 Candles","12/27/2024",,,,"true","The Jewish festival of rededication; also known as the Festival of Lights","3","Jewish Holidays"
"Chanukah: 4 Candles","12/28/2024",,,,"true","The Jewish festival of rededication; also known as the Festival of Lights","3","Jewish Holidays"
"Chanukah: 5 Candles","12/29/2024",,,,"true","The Jewish festival of rededication; also known as the Festival of Lights","3","Jewish Holidays"
"Chanukah: 6 Candles","12/30/2024",,,,"true","The Jewish festival of rededication; also known as the Festival of Lights","3","Jewish Holidays"
"Rosh Chodesh Tevet","12/31/2024",,,,"true","Beginning of new Hebrew month of Tevet","3","Jewish Holidays"
"Chanukah: 7 Candles","12/31/2024",,,,"true","The Jewish festival of rededication; also known as the Festival of Lights","3","Jewish Holidays"
"Rosh Chodesh Tevet","1/1/2025",,,,"true","Beginning of new Hebrew month of Tevet","3","Jewish Holidays"
"Chanukah: 8 Candles","1/1/2025",,,,"true","The Jewish festival of rededication; also known as the Festival of Lights","3","Jewish Holidays"
"Chanukah: 8th Day","1/2/2025",,,,"true","The Jewish festival of rededication; also known as the Festival of Lights","3","Jewish Holidays"
"Asara B'Tevet","1/10/2025",,,,"true","Fast commemorating the siege of Jerusalem","3","Jewish Holidays"
"Rosh Chodesh Sh'vat","1/30/2025",,,,"true","Beginning of new Hebrew month of Sh'vat","3","Jewish Holidays"
"Tu BiShvat","2/13/2025",,,,"true","New Year for Trees","3","Jewish Holidays"
"Rosh Chodesh Adar","2/28/2025",,,,"true","Beginning of new Hebrew month of Adar","3","Jewish Holidays"
"Rosh Chodesh Adar","3/1/2025",,,,"true","Beginning of new Hebrew month of Adar","3","Jewish Holidays"
"Shabbat Shekalim","3/1/2025",,,,"true","Shabbat before Rosh Chodesh Adar","3","Jewish Holidays"
"Shabbat Zachor","3/8/2025",,,,"true","Shabbat before Purim","3","Jewish Holidays"
"Ta'anit Esther","3/13/2025",,,,"true","Fast of Esther","3","Jewish Holidays"
"Erev Purim","3/13/2025",,,,"true","Purim is one of the most joyous and fun holidays on the Jewish calendar","3","Jewish Holidays"
"Purim","3/14/2025",,,,"true","Purim is one of the most joyous and fun holidays on the Jewish calendar","3","Jewish Holidays"
"Shushan Purim","3/16/2025",,,,"true","Purim celebrated in Jerusalem and walled cities","3","Jewish Holidays"
"Shabbat Parah","3/22/2025",,,,"true","Shabbat of the Red Heifer","3","Jewish Holidays"
"Shabbat HaChodesh","3/29/2025",,,,"true","Shabbat before Rosh Chodesh Nissan","3","Jewish Holidays"
"Rosh Chodesh Nisan","3/30/2025",,,,"true","Beginning of new Hebrew month of Nisan","3","Jewish Holidays"
"Ta'anit Bechorot","4/10/2025",,,,"true","Fast of the First Born","3","Jewish Holidays"
"Shabbat HaGadol","4/12/2025",,,,"true","Shabbat before Pesach","3","Jewish Holidays"
"Erev Pesach","4/12/2025",,,,"true","Passover; the Feast of Unleavened Bread","3","Jewish Holidays"
"Pesach I","4/13/2025",,,,"true","Passover; the Feast of Unleavened Bread","4","Jewish Holidays"
"Pesach II","4/14/2025",,,,"true","Passover; the Feast of Unleavened Bread","4","Jewish Holidays"
"Pesach III (CH''M)","4/15/2025",,,,"true","Passover; the Feast of Unleavened Bread","3","Jewish Holidays"
"Pesach IV (CH''M)","4/16/2025",,,,"true","Passover; the Feast of Unleavened Bread","3","Jewish Holidays"
"Pesach V (CH''M)","4/17/2025",,,,"true","Passover; the Feast of Unleavened Bread","3","Jewish Holidays"
"Pesach VI (CH''M)","4/18/2025",,,,"true","Passover; the Feast of Unleavened Bread","3","Jewish Holidays"
"Pesach VII","4/19/2025",,,,"true","Passover; the Feast of Unleavened Bread","4","Jewish Holidays"
"Pesach VIII","4/20/2025",,,,"true","Passover; the Feast of Unleavened Bread","4","Jewish Holidays"
"Yom HaShoah","4/24/2025",,,,"true","Holocaust Memorial Day","3","Jewish Holidays"
"Rosh Chodesh Iyyar","4/28/2025",,,,"true","Beginning of new Hebrew month of Iyyar","3","Jewish Holidays"
"Rosh Chodesh Iyyar","4/29/2025",,,,"true","Beginning of new Hebrew month of Iyyar","3","Jewish Holidays"
"Yom HaZikaron","4/30/2025",,,,"true","Israeli Memorial Day","3","Jewish Holidays"
"Yom HaAtzma'ut","5/1/2025",,,,"true","Israeli Independence Day","3","Jewish Holidays"
"Pesach Sheni","5/12/2025",,,,"true","Second Passover; one month after Passover","3","Jewish Holidays"
"Lag BaOmer","5/16/2025",,,,"true","33rd day of counting the Omer","3","Jewish Holidays"
"Yom Yerushalayim","5/26/2025",,,,"true","Jerusalem Day","3","Jewish Holidays"
"Rosh Chodesh Sivan","5/28/2025",,,,"true","Beginning of new Hebrew month of Sivan","3","Jewish Holidays"
"Erev Shavuot","6/1/2025",,,,"true","Festival of Weeks; commemorates the giving of the Torah at Mount Sinai","3","Jewish Holidays"
"Shavuot I","6/2/2025",,,,"true","Festival of Weeks; commemorates the giving of the Torah at Mount Sinai","4","Jewish Holidays"
"Shavuot II","6/3/2025",,,,"true","Festival of Weeks; commemorates the giving of the Torah at Mount Sinai","4","Jewish Holidays"
"Rosh Chodesh Tamuz","6/26/2025",,,,"true","Beginning of new Hebrew month of Tamuz","3","Jewish Holidays"
"Rosh Chodesh Tamuz","6/27/2025",,,,"true","Beginning of new Hebrew month of Tamuz","3","Jewish Holidays"
"Tzom Tammuz","7/13/2025",,,,"true","Fast commemorating breaching of the walls of Jerusalem before the destruction of the Second Temple","3","Jewish Holidays"
"Rosh Chodesh Av","7/26/2025",,,,"true","Beginning of new Hebrew month of Av","3","Jewish Holidays"
"Shabbat Chazon","8/2/2025",,,,"true","Shabbat before Tish'a B'Av (Shabbat of Prophecy/Shabbat of Vision)","3","Jewish Holidays"
"Erev Tish'a B'Av","8/2/2025",,,,"true","The Ninth of Av; fast commemorating the destruction of the two Temples","3","Jewish Holidays"
"Tish'a B'Av","8/3/2025",,,,"true","The Ninth of Av; fast commemorating the destruction of the two Temples","3","Jewish Holidays"
"Shabbat Nachamu","8/9/2025",,,,"true","Shabbat after Tish'a B'Av (Shabbat of Consolation)","3","Jewish Holidays"
"Tu B'Av","8/9/2025",,,,"true","Jewish holiday of love; similar to Valentine's Day","3","Jewish Holidays"
"Rosh Chodesh Elul","8/24/2025",,,,"true","Beginning of new Hebrew month of Elul","3","Jewish Holidays"
"Rosh Chodesh Elul","8/25/2025",,,,"true","Beginning of new Hebrew month of Elul","3","Jewish Holidays"
"Leil Selichot","9/13/2025",,,,"true","Prayers for forgiveness in preparation for the High Holidays","3","Jewish Holidays"
"Erev Rosh Hashana","9/22/2025",,,,"true","The Jewish New Year","3","Jewish Holidays"
"Rosh Hashana 5786","9/23/2025",,,,"true","The Jewish New Year","4","Jewish Holidays"
"Rosh Hashana II","9/24/2025",,,,"true","The Jewish New Year","4","Jewish Holidays"
"Tzom Gedaliah","9/25/2025",,,,"true","Fast of the Seventh Month; commemorates the assassination of the Jewish governor of Judah","3","Jewish Holidays"
"Shabbat Shuva","9/27/2025",,,,"true","Shabbat that falls between Rosh Hashanah and Yom Kippur (Shabbat of Returning)","3","Jewish Holidays"
"Erev Yom Kippur","10/1/2025",,,,"true","Day of Atonement","3","Jewish Holidays"
"Yom Kippur","10/2/2025",,,,"true","Day of Atonement","4","Jewish Holidays"
"Erev Sukkot","10/6/2025",,,,"true","Feast of Tabernacles","3","Jewish Holidays"
"Sukkot I","10/7/2025",,,,"true","Feast of Tabernacles","4","Jewish Holidays"
"Sukkot II","10/8/2025",,,,"true","Feast of Tabernacles","4","Jewish Holidays"
"Sukkot III (CH''M)","10/9/2025",,,,"true","Feast of Tabernacles","3","Jewish Holidays"
"Sukkot IV (CH''M)","10/10/2025",,,,"true","Feast of Tabernacles","3","Jewish Holidays"
"Sukkot V (CH''M)","10/11/2025",,,,"true","Feast of Tabernacles","3","Jewish Holidays"
"Sukkot VI (CH''M)","10/12/2025",,,,"true","Feast of Tabernacles","3","Jewish Holidays"
"Sukkot VII (Hoshana Raba)","10/13/2025",,,,"true","Feast of Tabernacles","3","Jewish Holidays"
"Shmini Atzeret","10/14/2025",,,,"true","Eighth Day of Assembly","4","Jewish Holidays"
"Simchat Torah","10/15/2025",,,,"true","Day of Celebrating the Torah","4","Jewish Holidays"
"Rosh Chodesh Cheshvan","10/22/2025",,,,"true","Beginning of new Hebrew month of Cheshvan","3","Jewish Holidays"
"Rosh Chodesh Cheshvan","10/23/2025",,,,"true","Beginning of new Hebrew month of Cheshvan","3","Jewish Holidays"
"Yom HaAliyah","10/29/2025",,,,"true","Recognizes Aliyah; immigration to the Jewish State of Israel","3","Jewish Holidays"
"Sigd","11/20/2025",,,,"true","Ethiopian Jewish holiday occurring 50 days after Yom Kippur","3","Jewish Holidays"
"Rosh Chodesh Kislev","11/21/2025",,,,"true","Beginning of new Hebrew month of Kislev","3","Jewish Holidays"
"Chanukah: 1 Candle","12/14/2025",,,,"true","The Jewish festival of rededication; also known as the Festival of Lights","3","Jewish Holidays"
"Chanukah: 2 Candles","12/15/2025",,,,"true","The Jewish festival of rededication; also known as the Festival of Lights","3","Jewish Holidays"
"Chanukah: 3 Candles","12/16/2025",,,,"true","The Jewish festival of rededication; also known as the Festival of Lights","3","Jewish Holidays"
"Chanukah: 4 Candles","12/17/2025",,,,"true","The Jewish festival of rededication; also known as the Festival of Lights","3","Jewish Holidays"
"Chanukah: 5 Candles","12/18/2025",,,,"true","The Jewish festival of rededication; also known as the Festival of Lights","3","Jewish Holidays"
"Chanukah: 6 Candles","12/19/2025",,,,"true","The Jewish festival of rededication; also known as the Festival of Lights","3","Jewish Holidays"
"Rosh Chodesh Tevet","12/20/2025",,,,"true","Beginning of new Hebrew month of Tevet","3","Jewish Holidays"
"Chanukah: 7 Candles","12/20/2025",,,,"true","The Jewish festival of rededication; also known as the Festival of Lights","3","Jewish Holidays"
"Rosh Chodesh Tevet","12/21/2025",,,,"true","Beginning of new Hebrew month of Tevet","3","Jewish Holidays"
"Chanukah: 8 Candles","12/21/2025",,,,"true","The Jewish festival of rededication; also known as the Festival of Lights","3","Jewish Holidays"
"Chanukah: 8th Day","12/22/2025",,,,"true","The Jewish festival of rededication; also known as the Festival of Lights","3","Jewish Holidays"
"Asara B'Tevet","12/30/2025",,,,"true","Fast commemorating the siege of Jerusalem","3","Jewish Holidays"
"Rosh Chodesh Sh'vat","1/19/2026",,,,"true","Beginning of new Hebrew month of Sh'vat","3","Jewish Holidays"
"Tu BiShvat","2/2/2026",,,,"true","New Year for Trees","3","Jewish Holidays"
"Shabbat Shekalim","2/14/2026",,,,"true","Shabbat before Rosh Chodesh Adar","3","Jewish Holidays"
"Rosh Chodesh Adar","2/17/2026",,,,"true","Beginning of new Hebrew month of Adar","3","Jewish Holidays"
"Rosh Chodesh Adar","2/18/2026",,,,"true","Beginning of new Hebrew month of Adar","3","Jewish Holidays"
"Shabbat Zachor","2/28/2026",,,,"true","Shabbat before Purim","3","Jewish Holidays"
"Ta'anit Esther","3/2/2026",,,,"true","Fast of Esther","3","Jewish Holidays"
"Erev Purim","3/2/2026",,,,"true","Purim is one of the most joyous and fun holidays on the Jewish calendar","3","Jewish Holidays"
"Purim","3/3/2026",,,,"true","Purim is one of the most joyous and fun holidays on the Jewish calendar","3","Jewish Holidays"
"Shushan Purim","3/4/2026",,,,"true","Purim celebrated in Jerusalem and walled cities","3","Jewish Holidays"
"Shabbat Parah","3/7/2026",,,,"true","Shabbat of the Red Heifer","3","Jewish Holidays"
"Shabbat HaChodesh","3/14/2026",,,,"true","Shabbat before Rosh Chodesh Nissan","3","Jewish Holidays"
"Rosh Chodesh Nisan","3/19/2026",,,,"true","Beginning of new Hebrew month of Nisan","3","Jewish Holidays"
"Shabbat HaGadol","3/28/2026",,,,"true","Shabbat before Pesach","3","Jewish Holidays"
"Ta'anit Bechorot","4/1/2026",,,,"true","Fast of the First Born","3","Jewish Holidays"
"Erev Pesach","4/1/2026",,,,"true","Passover; the Feast of Unleavened Bread","3","Jewish Holidays"
"Pesach I","4/2/2026",,,,"true","Passover; the Feast of Unleavened Bread","4","Jewish Holidays"
"Pesach II","4/3/2026",,,,"true","Passover; the Feast of Unleavened Bread","4","Jewish Holidays"
"Pesach III (CH''M)","4/4/2026",,,,"true","Passover; the Feast of Unleavened Bread","3","Jewish Holidays"
"Pesach IV (CH''M)","4/5/2026",,,,"true","Passover; the Feast of Unleavened Bread","3","Jewish Holidays"
"Pesach V (CH''M)","4/6/2026",,,,"true","Passover; the Feast of Unleavened Bread","3","Jewish Holidays"
"Pesach VI (CH''M)","4/7/2026",,,,"true","Passover; the Feast of Unleavened Bread","3","Jewish Holidays"
"Pesach VII","4/8/2026",,,,"true","Passover; the Feast of Unleavened Bread","4","Jewish Holidays"
"Pesach VIII","4/9/2026",,,,"true","Passover; the Feast of Unleavened Bread","4","Jewish Holidays"
"Yom HaShoah","4/14/2026",,,,"true","Holocaust Memorial Day","3","Jewish Holidays"
"Rosh Chodesh Iyyar","4/17/2026",,,,"true","Beginning of new Hebrew month of Iyyar","3","Jewish Holidays"
"Rosh Chodesh Iyyar","4/18/2026",,,,"true","Beginning of new Hebrew month of Iyyar","3","Jewish Holidays"
"Yom HaZikaron","4/21/2026",,,,"true","Israeli Memorial Day","3","Jewish Holidays"
"Yom HaAtzma'ut","4/22/2026",,,,"true","Israeli Independence Day","3","Jewish Holidays"
"Pesach Sheni","5/1/2026",,,,"true","Second Passover; one month after Passover","3","Jewish Holidays"
"Lag BaOmer","5/5/2026",,,,"true","33rd day of counting the Omer","3","Jewish Holidays"
"Yom Yerushalayim","5/15/2026",,,,"true","Jerusalem Day","3","Jewish Holidays"
"Rosh Chodesh Sivan","5/17/2026",,,,"true","Beginning of new Hebrew month of Sivan","3","Jewish Holidays"
"Erev Shavuot","5/21/2026",,,,"true","Festival of Weeks; commemorates the giving of the Torah at Mount Sinai","3","Jewish Holidays"
"Shavuot I","5/22/2026",,,,"true","Festival of Weeks; commemorates the giving of the Torah at Mount Sinai","4","Jewish Holidays"
"Shavuot II","5/23/2026",,,,"true","Festival of Weeks; commemorates the giving of the Torah at Mount Sinai","4","Jewish Holidays"
"Rosh Chodesh Tamuz","6/15/2026",,,,"true","Beginning of new Hebrew month of Tamuz","3","Jewish Holidays"
"Rosh Chodesh Tamuz","6/16/2026",,,,"true","Beginning of new Hebrew month of Tamuz","3","Jewish Holidays"
"Tzom Tammuz","7/2/2026",,,,"true","Fast commemorating breaching of the walls of Jerusalem before the destruction of the Second Temple","3","Jewish Holidays"
"Rosh Chodesh Av","7/15/2026",,,,"true","Beginning of new Hebrew month of Av","3","Jewish Holidays"
"Shabbat Chazon","7/18/2026",,,,"true","Shabbat before Tish'a B'Av (Shabbat of Prophecy/Shabbat of Vision)","3","Jewish Holidays"
"Erev Tish'a B'Av","7/22/2026",,,,"true","The Ninth of Av; fast commemorating the destruction of the two Temples","3","Jewish Holidays"
"Tish'a B'Av","7/23/2026",,,,"true","The Ninth of Av; fast commemorating the destruction of the two Temples","3","Jewish Holidays"
"Shabbat Nachamu","7/25/2026",,,,"true","Shabbat after Tish'a B'Av (Shabbat of Consolation)","3","Jewish Holidays"
"Tu B'Av","7/29/2026",,,,"true","Jewish holiday of love; similar to Valentine's Day","3","Jewish Holidays"
"Rosh Chodesh Elul","8/13/2026",,,,"true","Beginning of new Hebrew month of Elul","3","Jewish Holidays"
"Rosh Chodesh Elul","8/14/2026",,,,"true","Beginning of new Hebrew month of Elul","3","Jewish Holidays"
"Leil Selichot","9/5/2026",,,,"true","Prayers for forgiveness in preparation for the High Holidays","3","Jewish Holidays"
"Erev Rosh Hashana","9/11/2026",,,,"true","The Jewish New Year","3","Jewish Holidays"
"Rosh Hashana 5787","9/12/2026",,,,"true","The Jewish New Year","4","Jewish Holidays"
"Rosh Hashana II","9/13/2026",,,,"true","The Jewish New Year","4","Jewish Holidays"
"Tzom Gedaliah","9/14/2026",,,,"true","Fast of the Seventh Month; commemorates the assassination of the Jewish governor of Judah","3","Jewish Holidays"
"Shabbat Shuva","9/19/2026",,,,"true","Shabbat that falls between Rosh Hashanah and Yom Kippur (Shabbat of Returning)","3","Jewish Holidays"
"Erev Yom Kippur","9/20/2026",,,,"true","Day of Atonement","3","Jewish Holidays"
"Yom Kippur","9/21/2026",,,,"true","Day of Atonement","4","Jewish Holidays"
"Erev Sukkot","9/25/2026",,,,"true","Feast of Tabernacles","3","Jewish Holidays"
"Sukkot I","9/26/2026",,,,"true","Feast of Tabernacles","4","Jewish Holidays"
"Sukkot II","9/27/2026",,,,"true","Feast of Tabernacles","4","Jewish Holidays"
"Sukkot III (CH''M)","9/28/2026",,,,"true","Feast of Tabernacles","3","Jewish Holidays"
"Sukkot IV (CH''M)","9/29/2026",,,,"true","Feast of Tabernacles","3","Jewish Holidays"
"Sukkot V (CH''M)","9/30/2026",,,,"true","Feast of Tabernacles","3","Jewish Holidays"
"Sukkot VI (CH''M)","10/1/2026",,,,"true","Feast of Tabernacles","3","Jewish Holidays"
"Sukkot VII (Hoshana Raba)","10/2/2026",,,,"true","Feast of Tabernacles","3","Jewish Holidays"
"Shmini Atzeret","10/3/2026",,,,"true","Eighth Day of Assembly","4","Jewish Holidays"
"Simchat Torah","10/4/2026",,,,"true","Day of Celebrating the Torah","4","Jewish Holidays"
"Rosh Chodesh Cheshvan","10/11/2026",,,,"true","Beginning of new Hebrew month of Cheshvan","3","Jewish Holidays"
"Rosh Chodesh Cheshvan","10/12/2026",,,,"true","Beginning of new Hebrew month of Cheshvan","3","Jewish Holidays"
"Yom HaAliyah","10/18/2026",,,,"true","Recognizes Aliyah; immigration to the Jewish State of Israel","3","Jewish Holidays"
"Sigd","11/9/2026",,,,"true","Ethiopian Jewish holiday occurring 50 days after Yom Kippur","3","Jewish Holidays"
"Rosh Chodesh Kislev","11/10/2026",,,,"true","Beginning of new Hebrew month of Kislev","3","Jewish Holidays"
"Rosh Chodesh Kislev","11/11/2026",,,,"true","Beginning of new Hebrew month of Kislev","3","Jewish Holidays"
"Chanukah: 1 Candle","12/4/2026",,,,"true","The Jewish festival of rededication; also known as the Festival of Lights","3","Jewish Holidays"
"Chanukah: 2 Candles","12/5/2026",,,,"true","The Jewish festival of rededication; also known as the Festival of Lights","3","Jewish Holidays"
"Chanukah: 3 Candles","12/6/2026",,,,"true","The Jewish festival of rededication; also known as the Festival of Lights","3","Jewish Holidays"
"Chanukah: 4 Candles","12/7/2026",,,,"true","The Jewish festival of rededication; also known as the Festival of Lights","3","Jewish Holidays"
"Chanukah: 5 Candles","12/8/2026",,,,"true","The Jewish festival of rededication; also known as the Festival of Lights","3","Jewish Holidays"
"Chanukah: 6 Candles","12/9/2026",,,,"true","The Jewish festival of rededication; also known as the Festival of Lights","3","Jewish Holidays"
"Rosh Chodesh Tevet","12/10/2026",,,,"true","Beginning of new Hebrew month of Tevet","3","Jewish Holidays"
"Chanukah: 7 Candles","12/10/2026",,,,"true","The Jewish festival of rededication; also known as the Festival of Lights","3","Jewish Holidays"
"Rosh Chodesh Tevet","12/11/2026",,,,"true","Beginning of new Hebrew month of Tevet","3","Jewish Holidays"
"Chanukah: 8 Candles","12/11/2026",,,,"true","The Jewish festival of rededication; also known as the Festival of Lights","3","Jewish Holidays"
"Chanukah: 8th Day","12/12/2026",,,,"true","The Jewish festival of rededication; also known as the Festival of Lights","3","Jewish Holidays"
"Asara B'Tevet","12/20/2026",,,,"true","Fast commemorating the siege of Jerusalem","3","Jewish Holidays"
"Rosh Chodesh Sh'vat","1/9/2027",,,,"true","Beginning of new Hebrew month of Sh'vat","3","Jewish Holidays"
"Tu BiShvat","1/23/2027",,,,"true","New Year for Trees","3","Jewish Holidays"
"Rosh Chodesh Adar I","2/7/2027",,,,"true","Beginning of new Hebrew month of Adar","3","Jewish Holidays"
"Rosh Chodesh Adar I","2/8/2027",,,,"true","Beginning of new Hebrew month of Adar","3","Jewish Holidays"
"Purim Katan","2/21/2027",,,,"true","Minor Purim celebration during Adar I on leap years","3","Jewish Holidays"
"Shabbat Shekalim","3/6/2027",,,,"true","Shabbat before Rosh Chodesh Adar","3","Jewish Holidays"
"Rosh Chodesh Adar II","3/9/2027",,,,"true","Beginning of new Hebrew month of Adar II (on leap years)","3","Jewish Holidays"
"Rosh Chodesh Adar II","3/10/2027",,,,"true","Beginning of new Hebrew month of Adar II (on leap years)","3","Jewish Holidays"
"Shabbat Zachor","3/20/2027",,,,"true","Shabbat before Purim","3","Jewish Holidays"
"Ta'anit Esther","3/22/2027",,,,"true","Fast of Esther","3","Jewish Holidays"
"Erev Purim","3/22/2027",,,,"true","Purim is one of the most joyous and fun holidays on the Jewish calendar","3","Jewish Holidays"
"Purim","3/23/2027",,,,"true","Purim is one of the most joyous and fun holidays on the Jewish calendar","3","Jewish Holidays"
"Shushan Purim","3/24/2027",,,,"true","Purim celebrated in Jerusalem and walled cities","3","Jewish Holidays"
"Shabbat Parah","3/27/2027",,,,"true","Shabbat of the Red Heifer","3","Jewish Holidays"
"Shabbat HaChodesh","4/3/2027",,,,"true","Shabbat before Rosh Chodesh Nissan","3","Jewish Holidays"
"Rosh Chodesh Nisan","4/8/2027",,,,"true","Beginning of new Hebrew month of Nisan","3","Jewish Holidays"
"Shabbat HaGadol","4/17/2027",,,,"true","Shabbat before Pesach","3","Jewish Holidays"
"Ta'anit Bechorot","4/21/2027",,,,"true","Fast of the First Born","3","Jewish Holidays"
"Erev Pesach","4/21/2027",,,,"true","Passover; the Feast of Unleavened Bread","3","Jewish Holidays"
"Pesach I","4/22/2027",,,,"true","Passover; the Feast of Unleavened Bread","4","Jewish Holidays"
"Pesach II","4/23/2027",,,,"true","Passover; the Feast of Unleavened Bread","4","Jewish Holidays"
"Pesach III (CH''M)","4/24/2027",,,,"true","Passover; the Feast of Unleavened Bread","3","Jewish Holidays"
"Pesach IV (CH''M)","4/25/2027",,,,"true","Passover; the Feast of Unleavened Bread","3","Jewish Holidays"
"Pesach V (CH''M)","4/26/2027",,,,"true","Passover; the Feast of Unleavened Bread","3","Jewish Holidays"
"Pesach VI (CH''M)","4/27/2027",,,,"true","Passover; the Feast of Unleavened Bread","3","Jewish Holidays"
"Pesach VII","4/28/2027",,,,"true","Passover; the Feast of Unleavened Bread","4","Jewish Holidays"
"Pesach VIII","4/29/2027",,,,"true","Passover; the Feast of Unleavened Bread","4","Jewish Holidays"
"Yom HaShoah","5/4/2027",,,,"true","Holocaust Memorial Day","3","Jewish Holidays"
"Rosh Chodesh Iyyar","5/7/2027",,,,"true","Beginning of new Hebrew month of Iyyar","3","Jewish Holidays"
"Rosh Chodesh Iyyar","5/8/2027",,,,"true","Beginning of new Hebrew month of Iyyar","3","Jewish Holidays"
"Yom HaZikaron","5/11/2027",,,,"true","Israeli Memorial Day","3","Jewish Holidays"
"Yom HaAtzma'ut","5/12/2027",,,,"true","Israeli Independence Day","3","Jewish Holidays"
"Pesach Sheni","5/21/2027",,,,"true","Second Passover; one month after Passover","3","Jewish Holidays"
"Lag BaOmer","5/25/2027",,,,"true","33rd day of counting the Omer","3","Jewish Holidays"
"Yom Yerushalayim","6/4/2027",,,,"true","Jerusalem Day","3","Jewish Holidays"
"Rosh Chodesh Sivan","6/6/2027",,,,"true","Beginning of new Hebrew month of Sivan","3","Jewish Holidays"
"Erev Shavuot","6/10/2027",,,,"true","Festival of Weeks; commemorates the giving of the Torah at Mount Sinai","3","Jewish Holidays"
"Shavuot I","6/11/2027",,,,"true","Festival of Weeks; commemorates the giving of the Torah at Mount Sinai","4","Jewish Holidays"
"Shavuot II","6/12/2027",,,,"true","Festival of Weeks; commemorates the giving of the Torah at Mount Sinai","4","Jewish Holidays"
"Rosh Chodesh Tamuz","7/5/2027",,,,"true","Beginning of new Hebrew month of Tamuz","3","Jewish Holidays"
"Rosh Chodesh Tamuz","7/6/2027",,,,"true","Beginning of new Hebrew month of Tamuz","3","Jewish Holidays"
"Tzom Tammuz","7/22/2027",,,,"true","Fast commemorating breaching of the walls of Jerusalem before the destruction of the Second Temple","3","Jewish Holidays"
"Rosh Chodesh Av","8/4/2027",,,,"true","Beginning of new Hebrew month of Av","3","Jewish Holidays"
"Shabbat Chazon","8/7/2027",,,,"true","Shabbat before Tish'a B'Av (Shabbat of Prophecy/Shabbat of Vision)","3","Jewish Holidays"
"Erev Tish'a B'Av","8/11/2027",,,,"true","The Ninth of Av; fast commemorating the destruction of the two Temples","3","Jewish Holidays"
"Tish'a B'Av","8/12/2027",,,,"true","The Ninth of Av; fast commemorating the destruction of the two Temples","3","Jewish Holidays"
"Shabbat Nachamu","8/14/2027",,,,"true","Shabbat after Tish'a B'Av (Shabbat of Consolation)","3","Jewish Holidays"
"Tu B'Av","8/18/2027",,,,"true","Jewish holiday of love; similar to Valentine's Day","3","Jewish Holidays"
"Rosh Chodesh Elul","9/2/2027",,,,"true","Beginning of new Hebrew month of Elul","3","Jewish Holidays"
"Rosh Chodesh Elul","9/3/2027",,,,"true","Beginning of new Hebrew month of Elul","3","Jewish Holidays"
"Leil Selichot","9/25/2027",,,,"true","Prayers for forgiveness in preparation for the High Holidays","3","Jewish Holidays"
"Erev Rosh Hashana","10/1/2027",,,,"true","The Jewish New Year","3","Jewish Holidays"
"Rosh Hashana 5788","10/2/2027",,,,"true","The Jewish New Year","4","Jewish Holidays"
"Rosh Hashana II","10/3/2027",,,,"true","The Jewish New Year","4","Jewish Holidays"
"Tzom Gedaliah","10/4/2027",,,,"true","Fast of the Seventh Month; commemorates the assassination of the Jewish governor of Judah","3","Jewish Holidays"
"Shabbat Shuva","10/9/2027",,,,"true","Shabbat that falls between Rosh Hashanah and Yom Kippur (Shabbat of Returning)","3","Jewish Holidays"
"Erev Yom Kippur","10/10/2027",,,,"true","Day of Atonement","3","Jewish Holidays"
"Yom Kippur","10/11/2027",,,,"true","Day of Atonement","4","Jewish Holidays"
"Erev Sukkot","10/15/2027",,,,"true","Feast of Tabernacles","3","Jewish Holidays"
"Sukkot I","10/16/2027",,,,"true","Feast of Tabernacles","4","Jewish Holidays"
"Sukkot II","10/17/2027",,,,"true","Feast of Tabernacles","4","Jewish Holidays"
"Sukkot III (CH''M)","10/18/2027",,,,"true","Feast of Tabernacles","3","Jewish Holidays"
"Sukkot IV (CH''M)","10/19/2027",,,,"true","Feast of Tabernacles","3","Jewish Holidays"
"Sukkot V (CH''M)","10/20/2027",,,,"true","Feast of Tabernacles","3","Jewish Holidays"
"Sukkot VI (CH''M)","10/21/2027",,,,"true","Feast of Tabernacles","3","Jewish Holidays"
"Sukkot VII (Hoshana Raba)","10/22/2027",,,,"true","Feast of Tabernacles","3","Jewish Holidays"
"Shmini Atzeret","10/23/2027",,,,"true","Eighth Day of Assembly","4","Jewish Holidays"
"Simchat Torah","10/24/2027",,,,"true","Day of Celebrating the Torah","4","Jewish Holidays"
"Rosh Chodesh Cheshvan","10/31/2027",,,,"true","Beginning of new Hebrew month of Cheshvan","3","Jewish Holidays"
"Rosh Chodesh Cheshvan","11/1/2027",,,,"true","Beginning of new Hebrew month of Cheshvan","3","Jewish Holidays"
"Yom HaAliyah","11/7/2027",,,,"true","Recognizes Aliyah; immigration to the Jewish State of Israel","3","Jewish Holidays"
"Sigd","11/29/2027",,,,"true","Ethiopian Jewish holiday occurring 50 days after Yom Kippur","3","Jewish Holidays"
"Rosh Chodesh Kislev","11/30/2027",,,,"true","Beginning of new Hebrew month of Kislev","3","Jewish Holidays"
"Rosh Chodesh Kislev","12/1/2027",,,,"true","Beginning of new Hebrew month of Kislev","3","Jewish Holidays"
"Chanukah: 1 Candle","12/24/2027",,,,"true","The Jewish festival of rededication; also known as the Festival of Lights","3","Jewish Holidays"
"Chanukah: 2 Candles","12/25/2027",,,,"true","The Jewish festival of rededication; also known as the Festival of Lights","3","Jewish Holidays"
"Chanukah: 3 Candles","12/26/2027",,,,"true","The Jewish festival of rededication; also known as the Festival of Lights","3","Jewish Holidays"
"Chanukah: 4 Candles","12/27/2027",,,,"true","The Jewish festival of rededication; also known as the Festival of Lights","3","Jewish Holidays"
"Chanukah: 5 Candles","12/28/2027",,,,"true","The Jewish festival of rededication; also known as the Festival of Lights","3","Jewish Holidays"
"Chanukah: 6 Candles","12/29/2027",,,,"true","The Jewish festival of rededication; also known as the Festival of Lights","3","Jewish Holidays"
"Rosh Chodesh Tevet","12/30/2027",,,,"true","Beginning of new Hebrew month of Tevet","3","Jewish Holidays"
"Chanukah: 7 Candles","12/30/2027",,,,"true","The Jewish festival of rededication; also known as the Festival of Lights","3","Jewish Holidays"
"Rosh Chodesh Tevet","12/31/2027",,,,"true","Beginning of new Hebrew month of Tevet","3","Jewish Holidays"
"Chanukah: 8 Candles","12/31/2027",,,,"true","The Jewish festival of rededication; also known as the Festival of Lights","3","Jewish Holidays"
